distance,elevation,slope
7661.8,272.7,
7659.8,272.7,
7656.9,272.6,0.018511731
7654.1,272.5,0.014299348
7652.1,272.5,0.011393175
7650.1,272.5,3.815E-06
7648.1,272.5,0
7646.1,272.5,0
7643.3,272.5,0.004949947
7641.3,272.5,0.007991834
7639.3,272.5,0.010010508
7636.5,272.4,0.012585725
7634.5,272.4,0.009523118
7632.5,272.4,0.008178711
7630.5,272.4,0.006778718
7628.5,272.4,0.00356728
7626.5,272.4,0.001535797
7623.6,272.4,0.002515421
7620.8,272.4,0.011239814
7618.8,272.4,0.018871979
7616.0,272.3,0.029236492
7614.0,272.2,0.036056496
7612.0,272.1,0.031719207
7610.0,272.0,0.022267849
7608.0,272.0,0.02305276
7605.1,272.0,0.020745905
7602.3,271.9,0.016341676
7600.3,271.8,0.025634544
7597.5,271.8,0.018164122
7595.5,271.8,0.028437137
7592.7,271.7,0.030877111
7589.8,271.5,0.02048021
7587.8,271.5,0.017642608
7585.0,271.5,0
7582.2,271.5,0
7580.2,271.5,0.005229937
7578.2,271.5,0.012374878
7576.2,271.5,0.015068054
7574.2,271.4,0.015068054
7572.2,271.4,0.012419806
7570.2,271.4,0.019274376
7567.3,271.4,0.016833969
7565.3,271.3,0.016833969
7563.3,271.3,0.014167785
7561.3,271.3,0
7559.3,271.3,0
7557.3,271.3,0
7555.3,271.3,0
7553.3,271.3,0
7550.5,271.3,0
7548.5,271.3,0
7545.7,271.3,0
7543.7,271.3,0
7541.7,271.3,0
7538.9,271.3,0
7536.9,271.3,0
7534.0,271.3,0
7532.0,271.3,0
7529.2,271.3,0
7527.2,271.3,0
7525.2,271.3,0
7522.4,271.3,0
7520.4,271.3,0.000151684
7517.5,271.3,0.000165921
7515.5,271.3,0.000151684
7513.5,271.3,0.000151684
7510.7,271.3,0.001488396
7507.9,271.3,0.00453471
7505.9,271.3,0.012941762
7503.9,271.2,0.031135559
7501.9,271.2,0.038658141
7499.9,271.0,0.037948609
7497.9,270.9,0.029140472
7495.9,270.9,0.011133925
7493.9,270.9,0.004279355
7491.1,270.9,0.007321221
7489.1,270.9,0.010383828
7487.1,270.9,0.014853299
7485.1,270.8,0.015367453
7482.2,270.8,0.012292699
7479.4,270.8,0.011240394
7477.4,270.7,0.011254909
7475.4,270.7,0.010623931
7473.4,270.7,0.008010864
7471.4,270.7,0.005901336
7469.4,270.7,0.008773804
7467.4,270.7,0.006336071
7465.4,270.6,0.006336071
7462.6,270.6,0.006336071
7460.6,270.6,0.000278086
7458.6,270.6,0
7455.7,270.6,0.004768556
7452.9,270.6,0.010686845
7450.9,270.6,0.013800056
7448.1,270.5,0.016049306
7446.1,270.5,0.014317516
7444.1,270.5,0.01007843
7442.1,270.4,0.007427215
7440.1,270.4,0.006374359
7438.1,270.4,0.007755279
7436.1,270.4,0.016151429
7434.1,270.4,0.025856019
7432.1,270.3,0.033908844
7430.1,270.2,0.037220001
7428.1,270.2,0.031433105
7426.1,270.1,0.024162104
7424.1,270.0,0.019077347
7421.3,270.0,0.011341326
7419.3,270.0,0.009934462
7417.3,270.0,0.009422302
7415.3,270.0,0.011953155
7413.3,269.9,0.017853686
7410.4,269.9,0.014604419
7408.4,269.8,0.011527985
7406.4,269.8,0.006511689
7404.4,269.8,0
7402.4,269.8,0
7400.4,269.8,0
7397.6,269.8,0.002237334
7395.6,269.8,0.005492213
7392.8,269.8,0.007431834
7390.8,269.8,0.010064845
7388.8,269.8,0.014232987
7385.9,269.7,0.010978107
7383.1,269.7,0.010357974
7381.1,269.7,0.007976033
7378.3,269.7,0.001570558
7376.3,269.7,0.001570558
7373.5,269.7,0
7371.5,269.7,0.001686854
7369.5,269.7,0.006832124
7367.5,269.6,0.009713236
7365.5,269.6,0.013250203
7362.6,269.6,0.017304581
7359.8,269.5,0.013888537
7357.8,269.5,0.010668419
7355.8,269.5,0.006889137
7353.0,269.5,0.000701537
7351.0,269.5,0
7348.1,269.5,0
7346.1,269.5,0
7344.1,269.5,0
7342.1,269.5,0
7340.1,269.5,0
7338.1,269.5,0
7336.1,269.5,0
7334.1,269.5,0
7332.1,269.5,0
7330.1,269.5,0
7328.1,269.5,0
7325.3,269.5,0
7323.3,269.5,0
7321.3,269.5,0
7319.3,269.5,0
7316.5,269.5,0
7314.5,269.5,0
7312.5,269.5,0
7310.5,269.5,0
7308.5,269.5,0
7306.5,269.5,0.000164033
7304.5,269.5,0.001894253
7302.5,269.5,0.002098197
7299.7,269.4,0.002098197
7297.7,269.4,0.001782283
7295.7,269.4,0.000186445
7292.8,269.4,0.000619376
7290.0,269.4,0.004513969
7288.0,269.4,0.006427596
7285.2,269.4,0.006427596
7283.2,269.4,0.005349242
7280.3,269.4,0.002549476
7277.5,269.4,0.001251455
7274.7,269.4,0.001251455
7272.7,269.4,0.002303697
7269.9,269.4,0.001863144
7267.9,269.4,0.002233008
7265.9,269.4,0.004777115
7263.9,269.4,0.008800674
7261.0,269.3,0.013384215
7259.0,269.3,0.01893834
7257.0,269.2,0.02224711
7254.2,269.2,0.02012653
7252.2,269.1,0.0162078
7249.4,269.1,0.021149593
7246.5,269.1,0.023533178
7243.7,268.9,0.024604358
7241.7,268.9,0.02467704
7239.7,268.9,0.019412353
7236.9,268.8,0.024332592
7234.1,268.8,0.021772929
7232.1,268.6,0.021217023
7230.1,268.6,0.013277058
7228.1,268.6,0.012122055
7225.2,268.6,0.019173458
7222.4,268.5,0.032951947
7219.6,268.4,0.037467094
7216.7,268.3,0.043355127
7213.9,268.2,0.054133221
7211.1,268.0,0.052630966
7208.3,267.8,0.051856861
7206.3,267.7,0.036906836
7204.3,267.7,0.012592639
7202.3,267.7,0
7199.4,267.7,0
7197.4,267.7,0
7195.4,267.7,0
7193.4,267.7,0
7191.4,267.7,0
7189.4,267.7,0
7187.4,267.7,0
7185.4,267.7,0
7182.6,267.7,0
7180.6,267.7,0.009339915
7178.6,267.7,0.06786129
7176.6,267.6,0.086371743
7173.8,267.1,0.104295177
7171.8,267.0,0.107148726
7168.9,266.7,0.066941818
7166.9,266.6,0.056903657
7164.9,266.5,0.038726806
7162.9,266.5,0.047083264
7160.9,266.4,0.041065207
7158.1,266.2,0.039409318
7156.1,266.2,0.054374272
7153.3,266.1,0.05633785
7150.5,265.8,0.062683285
7148.5,265.6,0.079687658
7146.5,265.6,0.094204552
7143.6,265.3,0.231579421
7141.6,265.0,0.287221392
7139.6,263.6,0.291365937
7137.6,263.0,0.256954815
7134.8,262.7,0.098082932
7132.8,262.7,0.033260052
7130.8,262.7,0
7128.8,262.7,0
7126.0,262.7,0
7124.0,262.7,0
7122.0,262.7,0.003176677
7119.1,262.7,0.004210221
7117.1,262.7,0.004210221
7115.1,262.7,0.004646301
7113.1,262.7,0.029571788
7111.1,262.7,0.036709806
7108.3,262.4,0.033560016
7106.3,262.4,0.033560016
7103.5,262.4,0.007470422
7101.5,262.4,0
7098.7,262.4,0
7096.7,262.4,0
7093.8,262.4,0.016789488
7091.0,262.4,0.077924912
7089.0,262.2,0.161476767
7086.2,261.6,0.244390863
7084.2,260.8,0.264991404
7081.3,260.0,0.243341719
7079.3,259.6,0.177770123
7076.5,259.2,0.10375878
7074.5,259.1,0.062859494
7072.5,259.1,0.013633728
7070.5,259.1,0
7068.5,259.1,0
7065.7,259.1,0
7062.9,259.1,0
7060.0,259.1,0
7057.2,259.1,0
7055.2,259.1,0
7052.4,259.1,0.001507106
7050.4,259.1,0.005644737
7048.4,259.1,0.010940551
7046.4,259.0,0.022914246
7044.4,259.0,0.024646038
7041.5,258.9,0.02059828
7039.5,258.9,0.014928203
7037.5,258.9,0.007099995
7034.7,258.9,0.010908585
7032.7,258.8,0.018290525
7029.9,258.8,0.027632598
7027.9,258.7,0.029458236
7025.9,258.6,0.027814996
7023.1,258.5,0.021621246
7020.2,258.5,0.014129802
7018.2,258.5,0.010774157
7015.4,258.5,0.015311409
7012.6,258.4,0.041935391
7009.7,258.3,0.086042573
7007.7,258.0,0.117288175
7005.7,257.6,0.124761489
7003.7,257.4,0.125887982
7000.9,257.2,0.143142001
6998.1,256.8,0.161301383
6996.1,256.3,0.166946656
6994.1,255.8,0.133525848
6992.1,255.8,0.063293456
6990.1,255.8,0.013248444
6988.1,255.7,0.00829773
6986.1,255.7,0.013275331
6983.3,255.7,0.020279793
6981.3,255.6,0.02096553
6978.4,255.6,0.023040416
6976.4,255.5,0.082839835
6974.4,255.5,0.297081985
6971.6,254.8,0.406027357
6968.8,252.7,0.434256403
6965.9,251.3,0.411497308
6963.9,250.9,0.189800536
6961.9,250.9,0.047840274
6959.1,250.8,0.009932733
6957.1,250.8,0.005402151
6955.1,250.8,0.006306689
6952.3,250.8,0.005990405
6950.3,250.8,0.004327748
6948.3,250.8,0.001602174
6946.3,250.8,0
6944.3,250.8,0.006208174
6942.3,250.8,0.005675498
6939.5,250.7,0.005227008
6936.6,250.7,0.004844208
6933.8,250.7,0.006760584
6931.0,250.7,0.006760584
6928.1,250.7,0.00729482
6925.3,250.7,0.00729482
6923.3,250.7,8.37414E-05
6920.5,250.7,0.004223442
6918.5,250.7,0.007655704
6915.7,250.6,0.175266298
6912.8,250.6,0.469768201
6910.0,248.8,0.73185972
6907.2,245.3,1.064579453
6905.2,242.9,1.212788515
6902.3,239.4,1.077985869
6900.3,237.1,0.821760605
6898.3,235.8,0.531915196
6895.5,235.0,0.348060245
6892.7,234.3,0.314789941
6889.9,233.5,0.373213091
6887.0,232.3,0.483546953
6884.2,230.8,0.69833069
6881.4,228.8,0.892219149
6878.5,225.6,1.013495108
6876.5,222.9,0.945502895
6874.5,221.0,0.81006674
6871.7,219.7,0.662243889
6868.9,217.7,0.496181607
6866.1,216.0,0.407087421
6864.1,215.8,0.232493175
6862.1,215.7,0.083669355
6859.2,215.5,0.092652794
6856.4,215.2,0.118122086
6853.6,214.8,0.124270402
6850.7,214.4,0.118975553
6847.9,214.1,0.099028908
6845.9,213.9,0.056119805
6843.9,213.9,0.022438125
6841.1,213.9,0.004318245
6838.3,213.9,0
6836.3,213.9,0
6833.4,213.9,0
6831.4,213.9,0
6828.6,213.9,0
6826.6,213.9,0
6824.6,213.9,0
6822.6,213.9,0
6820.6,213.9,0
6818.6,213.9,0
6816.6,213.9,0.000561709
6814.6,213.9,0.000561709
6811.8,213.9,0.000513513
6809.8,213.9,0.000472934
6806.9,213.9,0
6804.1,213.9,0.000314319
6801.3,213.9,0.00452997
6799.3,213.9,0.004955133
6797.3,213.8,0.004955133
6795.3,213.8,0.004188682
6792.5,213.8,3.92892E-05
6789.6,213.8,0.005263388
6786.8,213.8,0.010587893
6784.8,213.8,0.011119033
6782.0,213.7,0.014195065
6779.1,213.7,0.008045692
6777.1,213.7,0.007750291
6774.3,213.7,0.015621362
6771.5,213.6,0.014662398
6768.7,213.5,0.019400466
6766.7,213.5,0.019647846
6763.8,213.5,0.019088444
6761.0,213.4,0.017965037
6759.0,213.4,0.013790373
6757.0,213.4,0.008302687
6755.0,213.4,0
6753.0,213.4,0
6750.2,213.4,0.003026776
6747.3,213.4,0.008675787
6744.5,213.3,0.012958382
6742.5,213.3,0.012958382
6739.7,213.2,0.010783762
6736.9,213.2,0.006283812
6734.9,213.2,0.002210539
6732.9,213.2,0.002439499
6730.9,213.2,0.002439499
6728.9,213.2,0.000423441
6726.9,213.2,0.003450804
6724.0,213.2,0.003450804
6721.2,213.2,0.003450804
6719.2,213.2,0.003450804
6717.2,213.2,0.005110683
6714.4,213.2,0.005110683
6712.4,213.1,0.006441816
6710.4,213.1,0.01227981
6707.5,213.1,0.008785119
6705.5,213.1,0.009625594
6703.5,213.0,0.012221047
6700.7,213.0,0.00761331
6698.7,213.0,0.005997318
6696.7,213.0,0.004426263
6694.7,213.0,0.007568373
6691.9,213.0,0.013512112
6689.9,212.9,0.014534773
6687.9,212.9,0.017547771
6685.1,212.9,0.017054934
6683.1,212.8,0.013450867
6680.2,212.8,0.015863586
6678.2,212.7,0.021945155
6675.4,212.7,0.016614471
6673.4,212.6,0.013987404
6671.4,212.6,0.00896141
6669.4,212.6,0.000487389
6666.6,212.6,0.001064947
6664.6,212.6,0.010270664
6661.7,212.6,0.021853512
6658.9,212.5,0.029567812
6656.9,212.4,0.032144301
6654.1,212.3,0.024127537
6652.1,212.3,0.012421533
6650.1,212.3,0.001333236
6648.1,212.3,0
6646.1,212.3,0.000989914
6644.1,212.3,0.000897005
6642.1,212.3,0.000897005
6639.3,212.3,0.002825825
6637.3,212.3,0.001763323
6635.3,212.3,0.001763323
6632.4,212.3,0.002709546
6629.6,212.3,0.001343216
6626.8,212.3,0.004770081
6623.9,212.3,0.005179366
6621.9,212.2,0.004000657
6619.9,212.2,0.005440072
6617.1,212.2,0.001689465
6614.3,212.2,0.007669548
6611.5,212.2,0.015772701
6608.6,212.1,0.018664993
6606.6,212.1,0.020707165
6604.6,212.0,0.014486892
6602.6,212.0,0.013491372
6599.8,212.0,0.017385308
6597.8,211.9,0.017094947
6595.8,211.9,0.015492782
6593.8,211.9,0.007658246
6591.0,211.9,0.000333389
6589.0,211.9,0.000608315
6586.1,211.9,0.000665409
6584.1,211.9,0.001347773
6582.1,211.9,0.001519205
6579.3,211.9,0.001113926
6577.3,211.9,0.001025902
6574.5,211.9,0.000282305
6571.7,211.9,0.004105065
6568.8,211.9,0.004457289
6566.8,211.8,0.004457289
6564.8,211.8,0.004457289
6562.0,211.8,0
6559.2,211.8,0.003793641
6556.3,211.8,0.006881548
6553.5,211.8,0.023368742
6551.5,211.7,0.085016007
6548.7,211.6,0.118746208
6545.9,210.9,0.127924651
6543.9,210.6,0.121430991
6541.9,210.5,0.05320549
6539.9,210.5,0.017860412
6537.9,210.5,0.005624771
6535.9,210.5,0.006427673
6533.9,210.5,0.009374368
6531.0,210.4,0.015185749
6528.2,210.4,0.021477462
6526.2,210.3,0.030232455
6524.2,210.3,0.034637534
6521.4,210.1,0.034340261
6519.4,210.1,0.033434613
6517.4,210.0,0.023666381
6515.4,210.0,0.016471019
6513.4,210.0,0.010179885
6510.5,210.0,0.008285632
6508.5,209.9,0.009186093
6506.5,209.9,0.01206398
6504.5,209.9,0.016578675
6502.5,209.9,0.008676235
6500.5,209.8,0.007775774
6497.7,209.8,0.009967299
6495.7,209.8,0.009225844
6493.7,209.8,0.018109479
6490.9,209.7,0.024032479
6488.9,209.6,0.023081896
6486.9,209.6,0.020845413
6484.9,209.6,0.013691859
6482.9,209.6,0.009720396
6480.1,209.5,0.015451106
6477.2,209.5,0.014236031
6474.4,209.4,0.033427293
6472.4,209.4,0.142950473
6470.4,209.2,0.274053574
6468.4,208.2,0.32472229
6466.4,207.2,0.305700301
6464.4,206.8,0.185432435
6462.4,206.8,0.051521626
6460.4,206.8,0.005509928
6457.6,206.8,0.000269621
6455.6,206.8,0
6453.6,206.8,0
6450.7,206.8,0
6448.7,206.8,0
6446.7,206.8,0.000129624
6444.7,206.8,0.000118502
6441.9,206.8,0.000982247
6439.1,206.8,0.000982247
6436.3,206.7,0.000948024
6434.3,206.7,0.000948024
6432.3,206.7,0
6429.4,206.7,0.000305587
6426.6,206.7,0.000305587
6423.8,206.7,0.000331807
6421.8,206.7,0.000362949
6419.8,206.7,0.000480477
6417.8,206.7,0.001059469
6414.9,206.7,0.001059469
6412.9,206.7,0.000968564
6410.9,206.7,0.000848481
6408.1,206.7,0.000954599
6405.3,206.7,0.001335856
6402.5,206.7,0.001450475
6400.5,206.7,0.005043277
6398.5,206.7,0.008592605
6396.5,206.7,0.009014988
6394.5,206.7,0.012548665
6391.6,206.6,0.015625001
6388.8,206.6,0.013702093
6386.8,206.5,0.012164716
6384.8,206.5,0.00921029
6382.0,206.5,0.002844836
6380.0,206.5,0.001298791
6378.0,206.5,0.006116572
6375.1,206.5,0.005029262
6373.1,206.5,0.005259023
6370.3,206.5,0.011940351
6367.5,206.5,0.007647386
6365.5,206.4,0.007647386
6363.5,206.4,0.006230091
6360.7,206.4,0
6357.8,206.4,0.000908964
6355.0,206.4,0.004358266
6352.2,206.4,0.004732216
6350.2,206.3,0.006754665
6348.2,206.3,0.006223729
6345.3,206.3,0.002022449
6343.3,206.3,0.002022449
6340.5,206.3,0.00166062
6338.5,206.3,0.00625582
6335.7,206.3,0.00625582
6332.9,206.3,0.007820591
6330.0,206.3,0.014387369
6327.2,206.2,0.010489875
6325.2,206.2,0.011474407
6323.2,206.2,0.011077881
6321.2,206.2,0.001276016
6319.2,206.2,0.001276016
6317.2,206.2,0.00696
6315.2,206.2,0.014782839
6312.4,206.1,0.016027357
6309.5,206.0,0.019859637
6306.7,206.0,0.016261543
6303.9,205.9,0.008188763
6301.1,205.9,0.007424101
6298.2,205.9,0.004119616
6295.4,205.9,0.003115542
6293.4,205.9,0.003363902
6290.6,205.9,0.00555832
6288.6,205.9,0.005129695
6286.6,205.9,0.005661011
6284.6,205.8,0.005661011
6282.6,205.8,0.001506806
6280.6,205.8,0
6278.6,205.8,0
6276.6,205.8,0
6273.7,205.8,0.00041713
6270.9,205.8,0.000384168
6268.9,205.8,0.000384168
6266.1,205.8,0.00041713
6263.3,205.8,0
6261.3,205.8,0.001769814
6259.3,205.8,0.006147682
6257.3,205.8,0.02018973
6254.4,205.8,0.020842549
6251.6,205.6,0.036973502
6248.8,205.6,0.070191125
6245.9,205.4,0.084749709
6243.1,205.0,0.093473494
6241.1,204.8,0.077847603
6239.1,204.7,0.03409958
6237.1,204.7,0.004699707
6235.1,204.7,0
6233.1,204.7,0
6230.3,204.7,0
6227.5,204.7,0
6224.6,204.7,0
6221.8,204.7,0
6219.0,204.7,0.002158032
6216.1,204.7,0.002343197
6214.1,204.7,0.002563118
6212.1,204.7,0.002828598
6210.1,204.7,0
6208.1,204.7,0
6205.3,204.7,0
6202.5,204.7,0.005630093
6199.7,204.7,0.008059776
6197.7,204.6,0.019191416
6195.7,204.6,0.027219772
6193.7,204.5,0.019840241
6191.7,204.5,0.01584882
6189.7,204.5,0.005381611
6186.8,204.5,0.005119324
6184.0,204.5,0.017115833
6182.0,204.4,0.021190337
6179.2,204.3,0.02263089
6176.3,204.3,0.016475553
6174.3,204.3,0.004074504
6171.5,204.3,0.007446159
6168.7,204.3,0.007024912
6165.9,204.2,0.014502956
6163.0,204.2,0.02681577
6160.2,204.1,0.02148865
6157.4,203.9,0.021354773
6155.4,203.9,0.022453926
6152.5,203.9,0.014834287
6150.5,203.9,0.024032479
6148.5,203.8,0.032190323
6146.5,203.7,0.02798462
6144.5,203.7,0.026044846
6142.5,203.6,0.026847934
6140.5,203.6,0.042781442
6137.7,203.5,0.063685637
6135.7,203.3,0.065168547
6133.7,203.1,0.052722817
6131.7,203.0,0.031652701
6128.9,203.0,0.017449256
6126.9,203.0,0.011671437
6124.9,202.9,0.012880325
6122.9,202.9,0.012880325
6120.9,202.9,0.001773834
6118.9,202.9,0.005607605
6116.9,202.9,0.008408343
6114.9,202.9,0.007686887
6112.1,202.9,0.016116124
6109.2,202.9,0.019074506
6106.4,202.7,0.022230792
6104.4,202.7,0.029815325
6101.6,202.6,0.022055266
6099.6,202.6,0.015752982
6097.6,202.6,0.009284305
6094.7,202.5,0.007669506
6091.9,202.5,0.011859768
6089.9,202.5,0.018000595
6087.9,202.4,0.023126602
6085.9,202.4,0.02039088
6083.9,202.3,0.016151277
6081.1,202.3,0.011681807
6079.1,202.3,0.013423968
6077.1,202.3,0.015854005
6075.1,202.2,0.017940104
6072.3,202.2,0.023412006
6070.3,202.1,0.036312288
6068.3,202.1,0.039417266
6066.3,201.9,0.034769058
6064.3,201.9,0.023311764
6062.3,201.9,0.005713871
6059.4,201.9,0
6057.4,201.9,0
6055.4,201.9,0
6053.4,201.9,0
6050.6,201.9,0
6048.6,201.9,0.000227526
6045.8,201.9,0.002770519
6043.8,201.9,0.014228246
6041.8,201.8,0.015563645
6038.9,201.7,0.015314764
6036.9,201.7,0.011695445
6034.9,201.7,0.001774383
6032.1,201.7,0.002656044
6029.3,201.7,0.013659432
6027.3,201.7,0.046437329
6025.3,201.6,0.074693393
6022.5,201.3,0.092839898
6020.5,201.0,0.089506693
6017.6,200.8,0.068519946
6014.8,200.7,0.044898372
6012.8,200.6,0.021287885
6010.8,200.6,0.004962921
6008.8,200.6,0
6006.8,200.6,0
6004.8,200.6,0
6002.8,200.6,0
6000.0,200.6,0
5997.1,200.6,0.003089348
5994.3,200.6,0.006916473
5992.3,200.6,0.007753249
5989.5,200.5,0.008480933
5987.5,200.5,0.004811681
5985.5,200.5,0.003200531
5983.5,200.5,0.013111115
5981.5,200.5,0.013111115
5979.5,200.4,0.011880566
5977.5,200.4,0.013273602
5974.7,200.4,0.005891889
5972.7,200.4,0.005891889
5970.7,200.4,0.008983611
5968.7,200.4,0.01429159
5966.7,200.4,0.019087717
5963.8,200.3,0.022428586
5961.8,200.2,0.023679899
5959.8,200.2,0.029343648
5957.8,200.2,0.031510978
5955.0,200.0,0.028170109
5953.0,199.9,0.024670234
5951.0,199.9,0.009742738
5949.0,199.9,0
5947.0,199.9,0
5945.0,199.9,0
5943.0,199.9,0
5941.0,199.9,0
5939.0,199.9,0
5937.0,199.9,0
5935.0,199.9,0
5933.0,199.9,0
5930.2,199.9,0
5928.2,199.9,0
5926.2,199.9,0
5924.2,199.9,0
5922.2,199.9,0.001043914
5919.3,199.9,0.004291384
5917.3,199.9,0.007053291
5914.5,199.9,0.007941692
5912.5,199.9,0.01018507
5910.5,199.9,0.018848419
5908.5,199.8,0.019142151
5906.5,199.7,0.018892289
5904.5,199.7,0.020898819
5902.5,199.7,0.019254685
5900.5,199.7,0.03190331
5898.5,199.6,0.110675372
5895.7,199.4,0.235699942
5892.9,198.6,0.287997672
5890.0,197.2,0.320370172
5888.0,196.6,0.27131381
5886.0,196.3,0.123806
5884.0,196.2,0.057959667
5882.0,196.2,0.055209888
5879.2,196.1,0.058733188
5877.2,195.8,0.056722934
5874.4,195.7,0.05508804
5871.5,195.6,0.037047161
5869.5,195.5,0.028928924
5867.5,195.5,0.028636616
5864.7,195.4,0.019157451
5861.9,195.3,0.016190068
5859.1,195.3,0.013157741
5856.2,195.3,0.013089038
5854.2,195.3,0.020128174
5852.2,195.2,0.023368836
5850.2,195.1,0.017774582
5848.2,195.1,0.009752987
5846.2,195.1,0.002682374
5843.4,195.1,0.000888363
5841.4,195.1,0.000812139
5839.4,195.1,0.000812139
5836.6,195.1,0.000812139
5833.7,195.1,0.000968564
5831.7,195.1,0.002605484
5829.7,195.1,0.01726824
5826.9,195.1,0.045852715
5824.1,194.9,0.064862157
5822.1,194.7,0.075363987
5820.1,194.5,0.059325052
5818.1,194.4,0.028057769
5815.3,194.4,0.005672339
5813.3,194.4,0
5810.4,194.4,0
5808.4,194.4,0
5806.4,194.4,0
5803.6,194.4,9.32214E-05
5801.6,194.4,8.58548E-05
5798.8,194.4,0.000765425
5795.9,194.4,0.001124854
5793.1,194.4,0.001573719
5791.1,194.4,0.001721421
5789.1,194.4,0.001635003
5787.1,194.4,0.001208105
5784.3,194.4,0.00203825
5782.3,194.4,0.002147272
5779.4,194.4,0.003911219
5777.4,194.4,0.005045006
5775.4,194.4,0.003902435
5773.4,194.4,0.003770829
5771.4,194.4,0.001133787
5769.4,194.4,0.000454552
5766.6,194.4,0.004048059
5764.6,194.4,0.005727639
5761.8,194.3,0.006265209
5759.8,194.3,0.009968462
5757.8,194.3,0.00738344
5755.0,194.3,0.005070343
5753.0,194.3,0.004669674
5750.1,194.3,0.004460448
5747.3,194.3,0.007405641
5745.3,194.2,0.017215931
5743.3,194.2,0.03291893
5741.3,194.1,0.035068513
5739.3,194.0,0.031013489
5737.3,193.9,0.020954133
5735.3,193.9,0.007034302
5733.3,193.9,0
5731.3,193.9,0
5729.3,193.9,0
5727.3,193.9,0
5725.3,193.9,0
5723.3,193.9,0
5721.3,193.9,0
5719.3,193.9,0
5717.3,193.9,0
5715.3,193.9,0
5713.3,193.9,0
5710.5,193.9,0
5707.6,193.9,0
5704.8,193.9,0
5702.8,193.9,0
5700.8,193.9,0.001793343
5698.0,193.9,0.002175713
5695.2,193.9,0.002003783
5693.2,193.9,0.002175713
5690.3,193.9,0.002077751
5688.3,193.9,0.003788933
5685.5,193.9,0.003788933
5683.5,193.9,0.004590011
5680.7,193.9,0.004982786
5678.7,193.9,0.004011717
5676.7,193.9,0.007625407
5673.8,193.8,0.006550839
5671.8,193.8,0.009652454
5669.0,193.8,0.009108318
5667.0,193.8,0.006705683
5665.0,193.8,0.007958976
5662.2,193.7,0.002749778
5660.2,193.7,0.002504355
5658.2,193.7,0.001148224
5656.2,193.7,0
5654.2,193.7,0
5652.2,193.7,0.000758419
5649.4,193.7,0.002009809
5646.5,193.7,0.002009809
5644.5,193.7,0.00219844
5642.5,193.7,0.00151062
5640.5,193.7,0.001451492
5638.5,193.7,0.006212235
5636.5,193.7,0.006640258
5634.5,193.7,0.007687629
5631.7,193.7,0.007219196
5629.7,193.6,0.007628425
5626.9,193.6,0.008873264
5624.9,193.6,0.008219955
5622.9,193.6,0.007389069
5620.9,193.6,0.004966736
5618.9,193.6,0.005092621
5616.9,193.6,0.004657745
5614.9,193.5,0.00422059
5612.9,193.5,0.001654015
5610.0,193.5,0
5608.0,193.5,0.003215949
5605.2,193.5,0.004215543
5602.4,193.5,0.004215543
5600.4,193.5,0.004929208
5598.4,193.5,0.003467559
5596.4,193.5,0.005802017
5594.4,193.5,0.009059925
5591.6,193.4,0.00974953
5589.6,193.4,0.00878512
5587.6,193.4,0.007541656
5585.6,193.4,0.005738068
5583.6,193.4,0.013130119
5580.7,193.4,0.012826752
5577.9,193.3,0.013378928
5575.9,193.3,0.016961712
5573.1,193.2,0.012220018
5571.1,193.2,0.015868742
5568.2,193.2,0.016182754
5565.4,193.1,0.011771286
5563.4,193.1,0.008715492
5561.4,193.1,0.012371413
5558.6,193.1,0.011801062
5556.6,193.0,0.011801062
5554.6,193.0,0.016768293
5552.6,193.0,0.01627226
5549.8,192.9,0.022389144
5547.8,192.9,0.031445925
5544.9,192.8,0.034986658
5542.9,192.7,0.02642795
5540.9,192.6,0.018281938
5538.9,192.6,0.00665927
5536.9,192.6,0
5534.1,192.6,0
5532.1,192.6,0
5530.1,192.6,0
5528.1,192.6,0
5526.1,192.6,0
5524.1,192.6,0
5522.1,192.6,0
5520.1,192.6,0
5518.1,192.6,0.002621882
5515.3,192.6,0.004152341
5513.3,192.6,0.004208382
5510.4,192.6,0.007964973
5507.6,192.6,0.006474998
5505.6,192.5,0.004719574
5503.6,192.5,0.007203694
5500.8,192.5,0.003190098
5498.8,192.5,0.002102736
5496.0,192.5,0.002102736
5493.1,192.5,0.005277112
5490.3,192.5,0.010234284
5487.5,192.5,0.012224757
5485.5,192.4,0.012224757
5483.5,192.4,0.009182637
5480.6,192.4,0.010741594
5478.6,192.4,0.014101843
5476.6,192.3,0.019924285
5473.8,192.3,0.026231797
5471.0,192.2,0.025372257
5469.0,192.1,0.019978006
5467.0,192.1,0.019801519
5464.2,192.1,0.030335158
5462.2,192.0,0.04231975
5459.3,191.8,0.050595238
5457.3,191.7,0.04627786
5455.3,191.6,0.032287
5453.3,191.6,0.028287636
5450.5,191.5,0.031587025
5448.5,191.4,0.037954206
5446.5,191.3,0.044311524
5444.5,191.3,0.036960414
5442.5,191.2,0.033270869
5439.7,191.1,0.037392316
5436.8,191.0,0.03397689
5434.0,190.9,0.037855494
5431.2,190.8,0.04667136
5428.4,190.7,0.050191234
5425.5,190.5,0.042237129
5422.7,190.3,0.031346042
5419.9,190.3,0.01727456
5417.9,190.3,0
5415.9,190.3,0.000843427
5413.0,190.3,0.001187364
5411.0,190.3,0.001962407
5409.0,190.3,0.005398991
5406.2,190.3,0.027265716
5403.4,190.3,0.028625604
5400.6,190.0,0.038156287
5397.7,190.0,0.047523283
5395.7,189.9,0.043026026
5392.9,189.8,0.074691577
5390.9,189.6,0.162453231
5388.1,189.3,0.304855581
5386.1,188.3,0.408362024
5384.1,187.1,0.458798255
5382.1,186.0,0.367027196
5379.2,185.2,0.21502111
5377.2,185.1,0.103908615
5374.4,185.0,0.034542799
5371.6,184.9,0.027405767
5369.6,184.9,0.036569989
5367.6,184.8,0.039649701
5364.8,184.7,0.036127358
5362.8,184.6,0.027816576
5360.8,184.6,0.013194098
5357.9,184.6,0.004949947
5355.9,184.5,0.004381326
5353.9,184.5,0.004489899
5351.9,184.5,0.001062926
5349.9,184.5,0
5347.1,184.5,0.00042517
5345.1,184.5,0.001764628
5343.1,184.5,0.003767767
5341.1,184.5,0.007571544
5338.3,184.5,0.008483702
5335.4,184.5,0.010442375
5332.6,184.4,0.017791233
5330.6,184.4,0.023951247
5328.6,184.3,0.02873993
5326.6,184.2,0.028749466
5324.6,184.2,0.028913497
5322.6,184.2,0.037948607
5320.6,184.1,0.058963775
5318.6,183.9,0.06624794
5316.6,183.7,0.056083679
5314.6,183.6,0.037111282
5312.6,183.6,0.010274943
5310.6,183.6,0.006830507
5307.8,183.6,0.012050349
5305.0,183.6,0.024666084
5302.1,183.5,0.045855451
5299.3,183.4,0.046861175
5296.5,183.1,0.044628186
5294.5,183.1,0.028813581
5292.5,183.1,0.00454735
5289.6,183.1,0.000848371
5286.8,183.1,0.007720795
5284.0,183.1,0.014074098
5281.2,183.0,0.021052095
5278.3,182.9,0.028827124
5276.3,182.9,0.024836623
5273.5,182.8,0.026163514
5271.5,182.8,0.02051838
5269.5,182.7,0.014009872
5266.7,182.7,0.012193394
5264.7,182.6,0.005055376
5262.7,182.6,0.001319885
5260.7,182.6,0
5258.7,182.6,0
5256.7,182.6,0
5254.7,182.6,0
5252.7,182.6,0
5249.8,182.6,0
5247.0,182.6,0
5244.2,182.6,0.00162112
5242.2,182.6,0.004590454
5240.2,182.6,0.010160446
5238.2,182.6,0.010160446
5236.2,182.6,0.007433563
5234.2,182.6,0.00776115
5231.4,182.6,0.003877414
5228.5,182.5,0.003877414
5226.5,182.5,0.003877414
5224.5,182.5,0.014462091
5221.7,182.5,0.015951687
5218.9,182.4,0.019147265
5216.0,182.4,0.029518278
5214.0,182.3,0.018375643
5212.0,182.2,0.018823282
5210.0,182.2,0.018636553
5207.2,182.2,0.016479918
5204.4,182.1,0.021248545
5201.6,182.1,0.01838475
5199.6,182.0,0.016637805
5196.7,182.0,0.009464355
5194.7,182.0,0.00206827
5192.7,182.0,0.001573718
5189.9,182.0,0
5187.1,182.0,0
5185.1,182.0,0
5182.2,182.0,0
5179.4,182.0,0
5176.6,182.0,0.000129511
5173.8,182.0,0.000340513
5171.8,182.0,0.001243491
5168.9,182.0,0.002309053
5166.9,182.0,0.006056287
5164.9,182.0,0.009685581
5162.1,181.9,0.010317651
5160.1,181.9,0.00945021
5157.3,181.9,0.01024729
5155.3,181.9,0.011031953
5153.3,181.8,0.014974283
5151.3,181.8,0.020336674
5148.4,181.7,0.023327998
5145.6,181.7,0.026351847
5142.8,181.6,0.036314028
5140.0,181.5,0.044988435
5138.0,181.4,0.040033391
5136.0,181.2,0.032966614
5134.0,181.2,0.017730713
5132.0,181.2,0.008883634
5130.0,181.2,0.007514663
5127.1,181.2,0.007514663
5124.3,181.2,0.009119982
5122.3,181.2,0.003480824
5120.3,181.1,0.004075411
5117.5,181.1,0.004075411
5115.5,181.1,0.000267893
5113.5,181.1,0.000869352
5111.5,181.1,0.000601459
5108.6,181.1,0.003044733
5106.6,181.1,0.007167054
5103.8,181.1,0.007238261
5101.8,181.1,0.007238261
5099.8,181.1,0.013669391
5097.8,181.1,0.019091604
5095.0,181.0,0.019601281
5092.2,180.9,0.019601281
5089.3,180.9,0.011888824
5087.3,180.9,0.002018335
5084.5,180.9,0.009675495
5081.7,180.9,0.008966911
5078.8,180.8,0.015985157
5076.0,180.8,0.015985157
5074.0,180.7,0.012946835
5071.2,180.7,0.014161966
5069.2,180.6,0.006667911
5067.2,180.6,0.006667911
5065.2,180.6,0
5062.4,180.6,0.002331199
5059.5,180.6,0.010736287
5056.7,180.6,0.011680733
5053.9,180.5,0.012682968
5051.9,180.5,0.010151747
5049.9,180.5,0.000104283
5047.0,180.5,0
5044.2,180.5,0
5041.4,180.5,0.001453635
5039.4,180.5,0.002163873
5037.4,180.5,0.003014214
5035.4,180.5,0.008720231
5032.6,180.5,0.010583097
5029.7,180.4,0.009263679
5027.7,180.4,0.014227299
5024.9,180.4,0.01065736
5022.1,180.3,0.006760769
5020.1,180.3,0.018582832
5017.2,180.3,0.038434434
5015.2,180.2,0.041463368
5012.4,180.0,0.049041232
5010.4,179.9,0.046648719
5007.6,179.8,0.029032305
5004.8,179.7,0.030563558
5001.9,179.7,0.049259343
4999.1,179.6,0.047702271
4996.3,179.3,0.050389989
4994.3,179.2,0.055001137
4991.4,179.1,0.034759265
4989.4,179.0,0.029783724
4986.6,179.0,0.021849593
4984.6,178.9,0.011199313
4982.6,178.9,0.016382874
4979.8,178.9,0.0238728
4977.8,178.8,0.034653667
4975.0,178.7,0.047774042
4972.1,178.6,0.049260858
4970.1,178.5,0.065391503
4968.1,178.3,0.084253311
4966.1,178.1,0.109550425
4964.1,177.9,0.124816797
4961.3,177.5,0.122471448
4959.3,177.2,0.104617504
4957.3,177.0,0.098693034
4954.5,176.9,0.106786897
4952.5,176.6,0.160141153
4949.6,176.2,0.227241127
4946.8,175.4,0.248637952
4944.8,174.7,0.236185723
4942.0,174.0,0.155102892
4940.0,173.9,0.085320495
4937.2,173.9,0.01802652
4935.2,173.9,0.005242568
4933.2,173.9,0
4930.3,173.9,0
4928.3,173.9,0
4926.3,173.9,0
4924.3,173.9,0
4922.3,173.9,0
4919.5,173.9,0
4916.7,173.9,0
4914.7,173.9,0
4911.8,173.9,0
4909.0,173.9,0.00081056
4907.0,173.9,0.00287883
4905.0,173.9,0.003766039
4902.2,173.8,0.003442904
4900.2,173.8,0.002632344
4897.4,173.8,0.000617015
4895.4,173.8,0.000475292
4893.4,173.8,0.001316991
4891.4,173.8,0.007345599
4888.5,173.8,0.006765134
4885.7,173.8,0.007609138
4882.9,173.8,0.009077415
4880.9,173.8,0.003421129
4878.0,173.7,0.003421129
4875.2,173.7,0.002540782
4872.4,173.7,0.003259591
4869.6,173.7,0.007713911
4866.7,173.7,0.016731665
4864.7,173.6,0.017554227
4861.9,173.6,0.026021791
4859.9,173.6,0.031844547
4857.9,173.5,0.039283752
4855.9,173.4,0.037157444
4853.9,173.2,0.028225417
4851.1,173.2,0.021923912
4849.1,173.2,0.009796194
4847.1,173.2,0.011728288
4845.1,173.2,0.010189056
4843.1,173.1,0.005216599
4841.1,173.1,0.006620408
4839.1,173.1,0.006622974
4837.1,173.1,0.009282725
4834.2,173.1,0.011267254
4831.4,173.0,0.011708085
4829.4,173.0,0.00979101
4827.4,173.0,0.009965898
4825.4,173.0,0.008289337
4823.4,173.0,0.00377655
4821.4,173.0,0.00377655
4819.4,173.0,0.016301643
4817.4,173.0,0.021120236
4814.6,172.8,0.021120236
4812.6,172.8,0.02716422
4810.6,172.8,0.020809173
4808.6,172.7,0.019918442
4806.6,172.7,0.023738861
4804.6,172.6,0.02471517
4802.6,172.6,0.060429456
4799.8,172.5,0.100416182
4797.8,172.1,0.097922881
4795.8,171.7,0.097865162
4792.9,171.6,0.073236409
4790.9,171.6,0.076085171
4788.9,171.5,0.073067032
4786.1,171.0,0.073067032
4784.1,171.0,0.054639539
4782.1,171.0,0
4780.1,171.0,0
4778.1,171.0,0
4776.1,171.0,0
4774.1,171.0,0
4772.1,171.0,0
4770.1,171.0,0
4768.1,171.0,0
4766.1,171.0,0
4764.1,171.0,0
4761.3,171.0,0
4759.3,171.0,0
4757.3,171.0,0
4754.4,171.0,0
4752.4,171.0,0
4750.4,171.0,0.016298186
4748.4,171.0,0.048334956
4745.6,170.8,0.064512969
4742.8,170.5,0.075012324
4740.8,170.4,0.065754452
4738.8,170.3,0.032203674
4736.8,170.3,0.012674331
4734.8,170.3,0
4732.8,170.3,0.000292089
4730.8,170.3,0.006517659
4728.0,170.3,0.014248787
4725.1,170.2,0.014248787
4723.1,170.1,0.015294024
4721.1,170.1,0.009332656
4719.1,170.1,0
4717.1,170.1,0.003746033
4715.1,170.1,0.010530736
4713.1,170.1,0.025722789
4710.3,170.0,0.036113531
4708.3,169.9,0.04155951
4706.3,169.8,0.037988662
4704.3,169.7,0.021223067
4702.3,169.7,0.009756088
4700.3,169.7,0
4698.3,169.7,0
4696.3,169.7,0
4694.3,169.7,0
4692.3,169.7,0
4690.3,169.7,0
4688.3,169.7,0
4685.5,169.7,0.002435973
4682.6,169.7,0.003210128
4679.8,169.7,0.005806641
4677.8,169.7,0.011749212
4675.8,169.7,0.016220092
4673.8,169.6,0.023944855
4671.8,169.6,0.025684358
4669.8,169.5,0.024467469
4667.8,169.5,0.02359581
4665.8,169.4,0.013461991
4663.8,169.4,0.020415676
4661.0,169.4,0.023127022
4658.2,169.3,0.025990978
4656.2,169.2,0.033010163
4653.3,169.1,0.027705974
4651.3,169.1,0.022725693
4648.5,169.0,0.017867075
4646.5,169.0,0.013809536
4643.7,168.9,0.007922681
4641.7,168.9,0.006109659
4639.7,168.9,0.000883102
4637.7,168.9,0
4635.7,168.9,0
4633.7,168.9,0
4631.7,168.9,0
4629.7,168.9,0
4627.7,168.9,0
4625.7,168.9,0
4623.7,168.9,0
4620.8,168.9,0
4618.8,168.9,0
4616.8,168.9,0
4614.0,168.9,0
4612.0,168.9,0
4610.0,168.9,0
4607.2,168.9,0
4604.4,168.9,0.000561021
4601.5,168.9,0.003883876
4598.7,168.9,0.004217122
4596.7,168.9,0.004217122
4594.7,168.9,0.003893935
4591.9,168.9,0
4589.9,168.9,0.000992264
4587.9,168.9,0.002903601
4585.0,168.9,0.002654465
4583.0,168.9,0.003090556
4580.2,168.9,0.012189937
4578.2,168.9,0.012125215
4576.2,168.8,0.017758628
4573.4,168.8,0.017281608
4571.4,168.7,0.014803381
4569.4,168.7,0.018217842
4566.6,168.6,0.01480496
4563.7,168.6,0.019832642
4561.7,168.6,0.024135087
4559.7,168.5,0.038862626
4556.9,168.4,0.039925991
4554.1,168.2,0.034898308
4552.1,168.2,0.033624798
4550.1,168.2,0.017696408
4547.2,168.1,0.022232721
4545.2,168.0,0.021763679
4542.4,168.0,0.014308828
4539.6,168.0,0.01397702
4537.6,167.9,0.009786758
4535.6,167.9,0.009175723
4532.8,167.9,0.007253816
4530.8,167.9,0.003964797
4528.8,167.9,0
4526.8,167.9,0
4524.8,167.9,0
4522.8,167.9,0
4520.8,167.9,0
4518.8,167.9,0
4516.8,167.9,0
4514.8,167.9,0
4512.8,167.9,0
4510.8,167.9,0.002054989
4507.9,167.9,0.003525066
4505.9,167.9,0.005376871
4503.1,167.8,0.009507563
4501.1,167.8,0.007452575
4499.1,167.8,0.00623703
4497.1,167.8,0.004001618
4495.1,167.8,0
4493.1,167.8,0
4490.3,167.8,0.004160241
4487.4,167.8,0.005154085
4485.4,167.7,0.005631257
4483.4,167.7,0.006159781
4480.6,167.7,0.001609078
4478.6,167.7,0.001088851
4476.6,167.7,0.000677109
4474.6,167.7,0.000917435
4472.6,167.7,0.000917435
4470.6,167.7,0.000264435
4468.6,167.7,0.00021777
4465.8,167.7,0
4463.8,167.7,0
4461.8,167.7,0.001243591
4459.8,167.7,0.001243591
4457.8,167.7,0.001280695
4455.8,167.7,0.007278013
4453.0,167.7,0.005623357
4451.0,167.7,0.017083376
4448.1,167.7,0.029063658
4446.1,167.6,0.021087193
4444.1,167.5,0.02306634
4441.3,167.5,0.009627174
4439.3,167.5,0.005867288
4436.5,167.5,0.018788237
4433.6,167.4,0.046606393
4431.6,167.3,0.046911341
4429.6,167.0,0.054147917
4426.8,167.0,0.042898044
4424.0,166.9,0.019608557
4422.0,166.9,0.029707882
4419.2,166.8,0.052012472
4417.2,166.7,0.05586147
4415.2,166.4,0.054828644
4413.2,166.4,0.04430008
4411.2,166.4,0.007846634
4409.2,166.4,0.008717072
4406.3,166.3,0.013104838
4403.5,166.3,0.018429568
4401.5,166.2,0.028927119
4399.5,166.2,0.081806182
4397.5,166.1,0.204248429
4395.5,165.6,0.323953629
4393.5,164.6,0.372117996
4391.5,163.6,0.319072724
4389.5,163.1,0.174656753
4387.5,163.1,0.090962813
4384.7,163.1,0.074880675
4381.8,162.7,0.072031431
4379.0,162.3,0.076478599
4377.0,162.3,0.044518416
4375.0,162.3,0.000623703
4373.0,162.3,0
4371.0,162.3,0
4369.0,162.3,0.000159007
4367.0,162.3,0.0007679
4364.2,162.3,0.003544027
4361.4,162.3,0.004397556
4359.4,162.3,0.004629513
4356.5,162.3,0.004383054
4354.5,162.3,0.00123085
4352.5,162.3,0.001170082
4349.7,162.3,0.001170082
4347.7,162.3,0.001962407
4345.7,162.3,0.015986828
4342.9,162.3,0.014917142
4340.0,162.1,0.013738358
4338.0,162.1,0.055579162
4335.2,162.1,0.113622143
4332.4,161.7,0.127235755
4330.4,161.0,0.134619274
4328.4,160.9,0.096738289
4325.6,160.8,0.023123375
4323.6,160.8,0.007525723
4321.6,160.8,0.00015555
4318.7,160.8,0.007972804
4316.7,160.8,0.010966277
4314.7,160.8,0.016973496
4312.7,160.7,0.016973496
4310.7,160.7,0.008174896
4308.7,160.7,0.004871369
4306.7,160.7,0.02308708
4304.7,160.7,0.074748699
4301.9,160.5,0.088803509
4299.9,160.0,0.088578534
4297.9,159.9,0.111778238
4295.1,159.8,0.2082305
4292.2,159.4,0.404634749
4289.4,157.8,0.67560073
4287.4,155.7,0.865571941
4285.4,153.3,0.905929566
4283.4,151.8,0.768704026
4281.4,150.6,0.557437711
4278.6,148.9,0.403821692
4276.6,148.4,0.27178046
4274.6,148.2,0.08459282
4272.6,148.2,0.023628235
4270.6,148.2,0
4268.6,148.2,0
4266.6,148.2,0
4264.6,148.2,0
4262.6,148.2,0
4260.6,148.2,0
4258.6,148.2,0
4256.6,148.2,0.000143452
4254.6,148.2,0.000741455
4251.8,148.2,0.000741455
4249.8,148.2,0.000677836
4247.8,148.2,0.000546693
4244.9,148.2,0.000280849
4242.1,148.2,0.001743306
4239.3,148.2,0.001892886
4237.3,148.2,0.002070544
4235.3,148.2,0.001916886
4233.3,148.2,0
4231.3,148.2,0.000594094
4228.4,148.2,0.00203825
4225.6,148.2,0.00203825
4223.6,148.2,0.002229551
4221.6,148.2,0.005157471
4219.6,148.2,0.008424759
4217.6,148.1,0.012395859
4215.6,148.1,0.014371871
4213.6,148.1,0.010957718
4211.6,148.0,0.005947113
4209.6,148.0,0.001976013
4207.6,148.0,0
4205.6,148.0,0
4202.8,148.0,7.11022E-05
4200.0,148.0,0.001001744
4198.0,148.0,0.001095763
4196.0,148.0,0.001209259
4194.0,148.0,0.001017988
4192.0,148.0,0
4189.1,148.0,0
4187.1,148.0,0
4185.1,148.0,0.000976464
4182.3,148.0,0.004986601
4179.5,148.0,0.020270314
4177.5,148.0,0.04417275
4175.5,147.8,0.068804962
4173.5,147.6,0.07755033
4170.6,147.4,0.104570103
4168.6,147.3,0.113614244
4165.8,146.8,0.098577235
4163.8,146.5,0.085445357
4161.8,146.5,0.035196304
4159.8,146.5,0
4157.8,146.5,0
4155.8,146.5,0
4153.8,146.5,0
4151.8,146.5,0
4149.8,146.5,0
4147.8,146.5,0
4145.8,146.5,0
4143.8,146.5,0
4141.8,146.5,0
4139.8,146.5,0
4137.8,146.5,0
4135.8,146.5,0
4133.8,146.5,0
4131.8,146.5,0
4129.8,146.5,0
4127.8,146.5,0
4125.8,146.5,0
4123.8,146.5,0
4121.8,146.5,0
4119.8,146.5,0
4117.8,146.5,0
4115.0,146.5,0
4113.0,146.5,0
4111.0,146.5,0
4109.0,146.5,0
4107.0,146.5,0
4105.0,146.5,0
4103.0,146.5,0
4100.2,146.5,0
4098.2,146.5,0
4096.2,146.5,0
4094.2,146.5,0
4092.2,146.5,0
4089.3,146.5,0
4087.3,146.5,0
4085.3,146.5,0.002231597
4083.3,146.5,0.002231597
4081.3,146.5,0.002231597
4079.3,146.5,0.013526313
4077.3,146.5,0.028329899
4074.5,146.4,0.031899007
4072.5,146.3,0.031899007
4070.5,146.2,0.022506714
4068.5,146.2,0.003938675
4066.5,146.2,0
4064.5,146.2,0
4062.5,146.2,0
4060.5,146.2,0.003510343
4058.5,146.2,0.008697216
4055.7,146.2,0.01566605
4053.7,146.2,0.027712868
4051.7,146.1,0.026708604
4049.7,146.0,0.019015653
4047.7,146.0,0.01482625
4044.8,146.0,0.010964441
4042.0,146.0,0.010964441
4040.0,145.9,0.010964441
4038.0,145.9,0.009700346
4035.2,145.9,0.004378507
4032.4,145.9,0.005780073
4030.4,145.8,0.009651362
4028.4,145.8,0.008391292
4025.5,145.8,0.005841697
4023.5,145.8,0.004440132
4020.7,145.8,0.000622217
4018.7,145.8,0
4016.7,145.8,0.000260986
4014.7,145.8,0.002770596
4011.9,145.8,0.004078286
4009.9,145.8,0.009098322
4007.0,145.8,0.008859723
4005.0,145.7,0.006046697
4002.2,145.7,0.006578033
3999.4,145.7,0.004599725
3997.4,145.7,0.012787898
3995.4,145.7,0.013987791
3992.6,145.6,0.012283606
3990.6,145.6,0.008188173
3988.6,145.6,0.002820511
3985.7,145.6,0.002597679
3982.9,145.6,0.002407477
3980.1,145.6,0.004524979
3977.2,145.6,0.005388909
3974.4,145.5,0.006574872
3972.4,145.5,0.006574872
3970.4,145.5,0.005217551
3967.6,145.5,0.001701225
3964.8,145.5,0.002300928
3961.9,145.5,0.006413428
3959.1,145.5,0.007510711
3957.1,145.4,0.008154991
3954.3,145.4,0.009071459
3952.3,145.4,0.00480356
3949.4,145.4,0.002901098
3947.4,145.4,0.008102847
3944.6,145.4,0.013167126
3942.6,145.3,0.013167126
3939.8,145.2,0.013951494
3937.8,145.2,0.016234136
3935.8,145.2,0.015889011
3933.0,145.2,0.014526028
3931.0,145.1,0.014484423
3928.1,145.1,0.009046178
3925.3,145.1,0.00320132
3923.3,145.1,0.008448892
3921.3,145.1,0.013019897
3918.5,145.0,0.016545794
3916.5,145.0,0.023276112
3914.5,144.9,0.021574021
3912.5,144.9,0.023666727
3910.5,144.9,0.017952699
3907.6,144.8,0.020275642
3905.6,144.8,0.020761317
3903.6,144.7,0.012748717
3901.6,144.7,0.012748717
3899.6,144.7,0.002758026
3897.6,144.7,0
3895.6,144.7,0
3893.6,144.7,0
3891.6,144.7,0
3889.6,144.7,0
3887.6,144.7,0
3885.6,144.7,0
3883.6,144.7,0
3881.6,144.7,0
3879.6,144.7,0
3876.8,144.7,0
3874.8,144.7,0
3872.8,144.7,0
3870.8,144.7,0
3868.8,144.7,0
3866.8,144.7,0
3864.0,144.7,0
3861.2,144.7,0.00447103
3858.3,144.7,0.004824261
3855.5,144.6,0.005238093
3853.5,144.6,0.005729585
3851.5,144.6,0
3849.5,144.6,0
3847.5,144.6,0
3845.5,144.6,0.004358291
3843.5,144.6,0.008893966
3841.5,144.6,0.010534286
3839.5,144.5,0.00954585
3837.5,144.5,0.006197224
3834.7,144.5,0.002246956
3831.8,144.5,0.001618273
3829.0,144.5,0.004011921
3827.0,144.5,0.007525373
3825.0,144.5,0.013429523
3823.0,144.5,0.018955159
3820.2,144.4,0.018161831
3818.2,144.4,0.012655167
3816.2,144.3,0.007301727
3813.4,144.3,0.008485236
3810.5,144.3,0.013592177
3808.5,144.3,0.017820574
3806.5,144.2,0.023685973
3803.7,144.2,0.021463956
3800.9,144.1,0.020189128
3798.0,144.0,0.017692585
3796.0,144.0,0.018184301
3794.0,144.0,0.019029617
3792.0,143.9,0.016590119
3790.0,143.9,0.031485925
3788.0,143.9,0.052592919
3785.2,143.7,0.083283786
3783.2,143.5,0.118923011
3781.2,143.2,0.159290313
3779.2,142.8,0.263986588
3777.2,142.4,0.426557541
3775.2,141.4,0.447576523
3773.2,139.7,0.407548905
3771.2,139.2,0.273715973
3769.2,139.2,0.070430755
3767.2,139.2,0.006181717
3765.2,139.2,0.000656785
3763.2,139.2,0.00461305
3760.4,139.2,0.005283662
3758.4,139.1,0.005283662
3756.4,139.1,0.008432389
3754.4,139.1,0.00478416
3752.4,139.1,0.008761756
3749.6,139.1,0.009870999
3746.7,139.1,0.009278879
3744.7,139.0,0.012011898
3741.9,139.0,0.007405931
3739.1,139.0,0.007646052
3736.3,139.0,0.005342379
3734.3,139.0,0.001709369
3732.3,139.0,0.005558475
3730.3,139.0,0.013776928
3727.4,138.9,0.015406792
3725.4,138.8,0.022244269
3723.4,138.8,0.024885235
3721.4,138.8,0.016136168
3718.6,138.7,0.021832914
3716.6,138.7,0.021561558
3714.6,138.6,0.015818147
3712.6,138.6,0.013576377
3709.8,138.6,0.010201244
3706.9,138.6,0.008483655
3704.9,138.5,0.008533019
3702.9,138.5,0.008533019
3700.9,138.5,0.004478056
3698.1,138.5,0.002863175
3695.3,138.5,0.003581449
3693.3,138.5,0.005688698
3690.5,138.5,0.007115273
3687.6,138.4,0.003916164
3685.6,138.4,0.00481146
3682.8,138.4,0.004371076
3680.8,138.4,0.004839468
3678.8,138.4,0.00689125
3676.8,138.4,0.008550644
3674.8,138.4,0.01266861
3672.8,138.3,0.018836975
3670.8,138.3,0.018405534
3668.8,138.2,0.016397155
3666.0,138.2,0.011054728
3664.0,138.2,0.003970092
3662.0,138.2,0.001356125
3660.0,138.2,0.002912521
3658.0,138.2,0.004581451
3656.0,138.2,0.004151572
3654.0,138.2,0.008560673
3651.1,138.2,0.007924293
3649.1,138.1,0.013832356
3646.3,138.1,0.016352216
3644.3,138.0,0.011943115
3642.3,138.0,0.010149003
3640.3,138.0,0.001221965
3638.3,138.0,0.000107448
3635.5,138.0,0.004365847
3632.7,138.0,0.009994877
3629.8,138.0,0.018255107
3627.8,137.9,0.023824009
3625.8,137.8,0.025165557
3623.8,137.8,0.019123078
3621.8,137.8,0.016896656
3619.8,137.8,0.022792165
3617.0,137.7,0.019774412
3615.0,137.6,0.023606233
3613.0,137.6,0.018379609
3611.0,137.5,0.00851055
3608.2,137.5,0.008259934
3606.2,137.5,0.00857623
3604.2,137.5,0.006137482
3602.2,137.5,0.009552763
3599.3,137.5,0.012454716
3597.3,137.4,0.014898935
3595.3,137.4,0.017676156
3592.5,137.3,0.014260875
3590.5,137.3,0.014312727
3588.5,137.3,0.00556366
3586.5,137.3,0.00666336
3583.7,137.3,0.009883641
3580.9,137.2,0.014113616
3578.9,137.2,0.014986795
3576.9,137.1,0.011882622
3574.9,137.1,0.00921051
3572.0,137.1,0.003820726
3569.2,137.1,0.003820726
3567.2,137.1,0.008714499
3565.2,137.1,0.007724761
3563.2,137.1,0.004535273
3561.2,137.1,0.005472056
3558.4,137.1,0.000856425
3556.4,137.1,0.001090282
3553.5,137.1,0.002653019
3551.5,137.1,0.004173749
3548.7,137.0,0.006111897
3545.9,137.0,0.010089056
3543.9,137.0,0.010529299
3541.9,137.0,0.017751694
3539.9,136.9,0.015116424
3537.9,136.9,0.012829775
3535.1,136.9,0.010629457
3533.1,136.8,0.00281419
3530.2,136.8,0.002340156
3528.2,136.8,0.000925949
3525.4,136.8,0.001012831
3523.4,136.8,0.001012831
3521.4,136.8,0.000772587
3519.4,136.8,0
3516.6,136.8,5.96665E-05
3513.7,136.8,0.004320732
3510.9,136.8,0.004773537
3508.9,136.8,0.004773537
3506.9,136.8,0.005150576
3504.1,136.8,8.98762E-05
3502.1,136.8,0
3500.1,136.8,0
3498.1,136.8,0
3495.3,136.8,0
3492.4,136.8,0.002178983
3490.4,136.8,0.002178983
3488.4,136.8,0.002383438
3485.6,136.8,0.009752491
3483.6,136.8,0.007573508
3480.8,136.7,0.008284133
3478.8,136.7,0.014848525
3476.8,136.7,0.00724411
3474.8,136.6,0.006564392
3472.8,136.6,0.006564392
3469.9,136.6,0
3467.9,136.6,0.004751416
3465.1,136.6,0.010722683
3463.1,136.6,0.011754314
3460.3,136.5,0.013047037
3457.5,136.5,0.011684459
3455.5,136.5,0.006184949
3452.6,136.5,0.009243692
3449.8,136.5,0.010395598
3447.8,136.4,0.007381917
3445.8,136.4,0.007819198
3443.8,136.4,0.002580334
3441.0,136.4,0.001144006
3438.1,136.4,0.000399771
3436.1,136.4,0
3434.1,136.4,0
3431.3,136.4,0
3428.5,136.4,0.006306646
3425.7,136.4,0.011824167
3422.8,136.3,0.012838461
3420.8,136.3,0.014043099
3418.8,136.3,0.005961188
3416.8,136.3,0.00279825
3414.0,136.3,0.002558212
3412.0,136.3,0.007199019
3409.2,136.3,0.007874505
3407.2,136.2,0.005076256
3405.2,136.2,0.007398605
3403.2,136.2,0.00633812
3401.2,136.2,0.0072834
3399.2,136.2,0.011165344
3396.3,136.1,0.010634731
3394.3,136.1,0.006704391
3392.3,136.1,0.010479176
3390.3,136.1,0.013458906
3387.5,136.1,0.014656674
3385.5,136.0,0.014471737
3383.5,136.0,0.010105134
3381.5,136.0,0.002532959
3379.5,136.0,0
3377.5,136.0,0.004302979
3375.5,136.0,0.005008697
3373.5,135.9,0.007247103
3371.5,135.9,0.009506098
3368.7,135.9,0.005606869
3366.7,135.9,0.004967368
3364.7,135.9,0.002492905
3362.7,135.9,0
3360.7,135.9,0
3358.7,135.9,0
3356.7,135.9,0
3354.7,135.9,0
3352.7,135.9,0
3350.7,135.9,0
3348.7,135.9,0
3346.7,135.9,0
3344.7,135.9,0
3342.7,135.9,0
3340.7,135.9,0
3338.7,135.9,0
3336.7,135.9,0
3334.7,135.9,0
3332.7,135.9,0
3329.9,135.9,0
3327.9,135.9,0
3325.9,135.9,0
3323.0,135.9,0.002953241
3320.2,135.9,0.01588493
3318.2,135.9,0.024394375
3316.2,135.7,0.028844834
3314.2,135.7,0.025279999
3312.2,135.7,0.008762894
3310.2,135.7,0.001743937
3307.4,135.7,0.001287643
3305.4,135.7,0.001287643
3303.4,135.6,0.001287643
3301.4,135.6,0.001177187
3298.5,135.6,0.006042373
3295.7,135.6,0.005564999
3293.7,135.6,0.018687277
3290.9,135.6,0.018687277
3288.1,135.4,0.012919454
3285.2,135.4,0.013940147
3282.4,135.4,0.000888027
3280.4,135.4,0.00097135
3278.4,135.4,0
3276.4,135.4,0.01023029
3273.6,135.4,0.012157436
3271.6,135.3,0.012157436
3269.6,135.3,0.013416291
3267.6,135.3,0.002126694
3265.6,135.3,0
3263.6,135.3,0
3261.6,135.3,0
3259.6,135.3,0.006179809
3257.6,135.3,0.007087708
3255.6,135.3,0.013261795
3253.6,135.3,0.019180298
3251.6,135.2,0.01571846
3249.6,135.2,0.015185559
3247.6,135.2,0.011155635
3244.7,135.1,0.008965591
3241.9,135.1,0.010847513
3239.9,135.1,0.011701142
3237.9,135.1,0.010482787
3235.9,135.0,0.00720787
3233.9,135.0,0.002218246
3231.9,135.0,0.000409626
3229.9,135.0,0
3227.1,135.0,0.002252777
3224.3,135.0,0.002087829
3221.4,135.0,0.002379386
3218.6,135.0,0.002583493
3216.6,135.0,0.000150369
3214.6,135.0,0.000165939
3212.6,135.0,0
3210.6,135.0,0
3208.6,135.0,0
3206.6,135.0,0
3204.6,135.0,0
3202.6,135.0,0
3200.6,135.0,0
3198.6,135.0,0
3196.6,135.0,0
3194.6,135.0,0
3192.6,135.0,0
3190.6,135.0,0
3187.8,135.0,0
3185.8,135.0,0
3183.8,135.0,0
3181.0,135.0,0
3178.1,135.0,0
3175.3,135.0,0
3172.5,135.0,0
3170.5,135.0,0
3168.5,135.0,0
3165.6,135.0,0
3162.8,135.0,0
3160.0,135.0,0.003444658
3158.0,135.0,0.007138215
3156.0,135.0,0.00787735
3154.0,134.9,0.007138215
3152.0,134.9,0.003370344
3149.2,134.9,0.004648708
3147.2,134.9,0.007013005
3144.3,134.9,0.014529536
3141.5,134.9,0.01575925
3138.7,134.8,0.01147781
3136.7,134.8,0.011125613
3133.8,134.8,0.007024142
3131.8,134.8,0.012499654
3129.8,134.7,0.01452446
3127.8,134.7,0.012557984
3125.8,134.7,0.011163616
3123.8,134.7,0.014798401
3121.0,134.6,0.016564807
3119.0,134.5,0.016564807
3117.0,134.5,0.014559885
3115.0,134.5,0.0045491
3112.2,134.5,0.008436252
3110.2,134.5,0.013909782
3107.4,134.4,0.014027543
3105.4,134.4,0.013467549
3103.4,134.4,0.011552501
3101.4,134.4,0.006946364
3098.5,134.3,0.013356931
3096.5,134.3,0.018319114
3094.5,134.3,0.014445812
3092.5,134.2,0.013464092
3089.7,134.2,0.009709827
3087.7,134.2,0.005231772
3084.9,134.2,0.009371682
3082.9,134.2,0.009006675
3080.0,134.1,0.005404005
3078.0,134.1,0.007643033
3075.2,134.1,0.005643165
3073.2,134.1,0.005643165
3071.2,134.1,0.011354446
3069.2,134.1,0.012067795
3067.2,134.0,0.010218192
3065.2,134.0,0.015470743
3062.4,134.0,0.013591992
3060.4,133.9,0.009537594
3058.4,133.9,0.010041651
3055.6,133.9,0.01081433
3052.7,133.9,0.00828456
3050.7,133.8,0.010501466
3048.7,133.8,0.011487461
3045.9,133.8,0.0064058
3043.1,133.8,0.00882192
3041.1,133.8,0.007286598
3038.2,133.7,0.005587298
3035.4,133.7,0.006503656
3033.4,133.7,0.003888671
3030.6,133.7,0.00365207
3028.6,133.7,0.002151836
3026.6,133.7,0.001449585
3024.6,133.7,0.00131357
3022.6,133.7,0.00131357
3019.8,133.7,0.00120089
3017.8,133.7,0
3014.9,133.7,0
3012.9,133.7,0
3010.1,133.7,0
3008.1,133.7,0
3005.3,133.7,0
3003.3,133.7,0
3001.3,133.7,0.001033571
2998.4,133.7,0.001632262
2996.4,133.7,0.001632262
2993.6,133.7,0.001632262
2991.6,133.7,0.00136942
2988.8,133.7,0.000736372
2986.0,133.7,0.000682455
2983.1,133.7,0.000736372
2980.3,133.7,6.11219E-05
2978.3,133.7,6.63651E-05
2975.5,133.7,0.000101975
2973.5,133.7,0.001149374
2971.5,133.7,0.00148964
2969.5,133.7,0.003229141
2967.5,133.6,0.003196716
2965.5,133.6,0.002737756
2963.5,133.6,0.003116271
2960.6,133.6,0.002763627
2958.6,133.6,0.003307188
2955.8,133.6,0.004868851
2953.8,133.6,0.004300213
2951.8,133.6,0.003108979
2949.8,133.6,0.00245285
2947.8,133.6,0.000614166
2945.8,133.6,0.00330925
2943.8,133.6,0.002998742
2941.8,133.6,0.003992561
2939.0,133.6,0.010266586
2937.0,133.5,0.007741421
2935.0,133.5,0.007741421
2933.0,133.5,0.006747602
2930.2,133.5,0
2928.2,133.5,0
2926.2,133.5,0
2924.2,133.5,0
2922.2,133.5,0
2919.3,133.5,0
2917.3,133.5,0
2914.5,133.5,0
2912.5,133.5,0
2909.7,133.5,0
2907.7,133.5,0
2905.7,133.5,0
2902.8,133.5,0
2900.8,133.5,0
2898.8,133.5,0
2896.8,133.5,0
2894.8,133.5,0
2892.0,133.5,0
2890.0,133.5,0
2888.0,133.5,0
2885.2,133.5,0
2883.2,133.5,0
2880.4,133.5,0
2878.4,133.5,0
2875.5,133.5,0
2873.5,133.5,0
2871.5,133.5,0
2869.5,133.5,0
2866.7,133.5,0
2863.9,133.5,0
2861.9,133.5,0
2859.0,133.5,0
2857.0,133.5,0
2854.2,133.5,0
2852.2,133.5,0
2849.4,133.5,0
2847.4,133.5,0
2844.6,133.5,0
2842.6,133.5,0
2839.7,133.5,0
2836.9,133.5,0
2834.1,133.5,0
2831.2,133.5,0
2828.4,133.5,0
2825.6,133.5,0
2822.8,133.5,0
2819.9,133.5,0
2817.1,133.5,0
2814.3,133.5,0
2811.4,133.5,0
2808.6,133.5,0
2805.8,133.5,0
2803.0,133.5,0
2800.1,133.5,0
2797.3,133.5,0
2794.5,133.5,0
2791.7,133.5,0
2788.8,133.5,0
2786.0,133.5,0
2783.2,133.5,0
2780.3,133.5,0
2777.5,133.5,0
2774.7,133.5,0.000779564
2771.9,133.5,0.003805562
2769.0,133.5,0.012390272
2767.0,133.4,0.023605388
2764.2,133.4,0.040555317
2762.2,133.3,0.054442977
2759.4,133.1,0.069546611
2757.4,132.9,0.077103094
2755.4,132.7,0.078832626
2753.4,132.6,0.06101799
2751.4,132.5,0.035101698
2749.4,132.4,0.025085727
2746.5,132.4,0.01132954
2744.5,132.4,0.008761165
2742.5,132.4,0.008761165
2740.5,132.4,0.000105868
2737.7,132.4,0
2734.9,132.4,0
2732.1,132.4,0
2729.2,132.4,0
2726.4,132.4,0
2723.6,132.4,0
2721.6,132.4,0
2718.7,132.4,7.85848E-05
2715.9,132.4,0.003093929
2713.1,132.4,0.010477765
2711.1,132.3,0.012833232
2709.1,132.3,0.0127399
2707.1,132.2,0.009158694
2704.3,132.2,0.001372335
2702.3,132.2,0.001928874
2700.3,132.2,0.01079547
2698.3,132.2,0.009869418
2695.4,132.1,0.009869418
2692.6,132.1,0.011659693
2690.6,132.1,0.009385112
2688.6,132.1,0.010356904
2686.6,132.1,0.014620379
2684.6,132.1,0.010733249
2681.8,132.0,0.004786178
2679.8,132.0,0.004408049
2676.9,132.0,0.007358611
2674.1,132.0,0.006777249
2672.1,131.9,0.010430007
2669.3,131.9,0.017292815
2666.5,131.9,0.013652001
2664.5,131.9,0.015933883
2661.6,131.8,0.021557554
2658.8,131.8,0.015589447
2656.8,131.7,0.012614084
2654.8,131.7,0.023203521
2652.0,131.7,0.012990153
2650.0,131.6,0.012333516
2647.1,131.6,0.011914092
2644.3,131.6,0.000837462
2642.3,131.6,0.000916041
2640.3,131.6,0.007222906
2638.3,131.6,0.006167202
2635.5,131.5,0.005947738
2632.7,131.5,0.009178465
2629.8,131.5,0.003498498
2627.8,131.5,0.003798605
2625.0,131.5,0.003837008
2623.0,131.5,0
2621.0,131.5,0
2618.2,131.5,0
2615.3,131.5,0.011491152
2612.5,131.5,0.015511852
2609.7,131.3,0.016842481
2607.7,131.3,0.016927807
2605.7,131.3,0.015058528
2602.9,131.3,0.013796013
2600.0,131.2,0.013796013
2598.0,131.2,0.014997166
2596.0,131.2,0.002316031
2594.0,131.2,0
2591.2,131.2,0
2589.2,131.2,0
2586.4,131.2,0
2584.4,131.2,0
2581.5,131.2,0
2579.5,131.2,0
2577.5,131.2,0
2574.7,131.2,0
2572.7,131.2,0.011773232
2569.9,131.2,0.023145573
2567.1,131.1,0.021316972
2565.1,131.0,0.023145573
2562.2,131.0,0.010362416
2560.2,131.0,0
2557.4,131.0,0
2555.4,131.0,0
2553.4,131.0,0
2551.4,131.0,0
2549.4,131.0,0
2546.6,131.0,0
2544.6,131.0,0
2542.6,131.0,0.005515264
2539.7,131.0,0.009582147
2537.7,130.9,0.009582147
2535.7,130.9,0.010574341
2533.7,130.9,0.004487992
2531.7,130.9,0.003705978
2529.7,130.9,0.0096035
2527.7,130.8,0.019094466
2525.7,130.8,0.022052764
2523.7,130.7,0.018346786
2521.7,130.7,0.011281145
2519.7,130.7,0.006140939
2516.9,130.7,0.003163397
2514.9,130.7,0.003164978
2512.1,130.7,0.009799894
2510.1,130.7,0.009075139
2507.3,130.6,0.009853618
2504.4,130.6,0.012615664
2502.4,130.6,0.006541924
2500.4,130.5,0.003022939
2498.4,130.5,0.010342634
2495.6,130.5,0.009227829
2493.6,130.5,0.009227829
2491.6,130.5,0.010183335
2489.6,130.5,0.002105714
2487.6,130.5,0
2485.6,130.5,0
2483.6,130.5,0
2481.6,130.5,0
2479.6,130.5,0
2477.6,130.5,0
2475.6,130.5,0
2472.8,130.5,0
2470.8,130.5,0
2468.8,130.5,0
2466.8,130.5,0
2463.9,130.5,0
2461.1,130.5,0.005410325
2459.1,130.5,0.015303088
2457.1,130.4,0.01845932
2455.1,130.3,0.01845932
2453.1,130.3,0.011928559
2451.1,130.3,0.001424187
2449.1,130.3,0
2446.3,130.3,0.004127179
2443.5,130.3,0.009778269
2440.6,130.3,0.01678959
2437.8,130.2,0.023854984
2435.8,130.1,0.028239749
2433.0,130.1,0.031061965
2430.2,130.0,0.028143487
2428.2,129.9,0.022392909
2426.2,129.9,0.014565071
2424.2,129.9,0.006285711
2421.3,129.8,0.002430222
2418.5,129.8,0.002430222
2416.5,129.8,0.000344466
2414.5,129.8,0
2411.7,129.8,0
2408.8,129.8,0
2406.8,129.8,0
2404.0,129.8,0
2401.2,129.8,0
2398.4,129.8,0
2395.5,129.8,0
2392.7,129.8,0
2389.9,129.8,0
2387.9,129.8,0
2385.0,129.8,0
2382.2,129.8,0
2380.2,129.8,0
2378.2,129.8,0
2375.4,129.8,0.000534088
2372.6,129.8,0.008762253
2369.7,129.8,0.008762253
2367.7,129.7,0.009513891
2364.9,129.7,0.008933989
2362.9,129.7,0
2360.1,129.7,0
2358.1,129.7,0.000712634
2356.1,129.7,0.00306385
2353.2,129.7,0.006208286
2350.4,129.7,0.012625146
2348.4,129.7,0.025417577
2346.4,129.6,0.031831599
2344.4,129.5,0.02839212
2341.6,129.4,0.021373164
2339.6,129.4,0.008215035
2337.6,129.4,0
2334.8,129.4,0
2332.8,129.4,0
2330.8,129.4,0.005550385
2328.8,129.4,0.008712769
2326.8,129.4,0.008712769
2324.8,129.4,0.008481168
2322.8,129.4,0.005591314
2319.9,129.4,0.002491847
2317.9,129.3,0.002491847
2315.1,129.3,0.002139736
2313.1,129.3,0
2311.1,129.3,0
2309.1,129.3,0
2307.1,129.3,0
2305.1,129.3,0
2302.3,129.3,0
2299.4,129.3,0
2297.4,129.3,0
2295.4,129.3,0
2293.4,129.3,0
2290.6,129.3,0
2288.6,129.3,0
2286.6,129.3,6.91407E-06
2284.6,129.3,0.000848636
2281.8,129.3,0.000848636
2279.8,129.3,0.000775839
2277.8,129.3,0.000841722
2275.0,129.3,0.000254399
2273.0,129.3,0.000573583
2270.1,129.3,0.000627402
2268.1,129.3,0.000627402
2266.1,129.3,0.000385285
2264.1,129.3,0
2262.1,129.3,0
2260.1,129.3,0
2257.3,129.3,4.74073E-06
2254.5,129.3,4.74073E-06
2252.5,129.3,5.18556E-06
2250.5,129.3,5.7225E-06
2248.5,129.3,0
2246.5,129.3,0.005217983
2244.5,129.3,0.007105376
2241.6,129.3,0.010205983
2239.6,129.3,0.011564885
2236.8,129.2,0.007357031
2234.8,129.2,0.013558863
2232.0,129.2,0.010141861
2229.2,129.1,0.008239372
2226.3,129.1,0.011157648
2223.5,129.1,0.006739205
2221.5,129.1,0.008404649
2219.5,129.1,0.013562609
2216.7,129.0,0.01146781
2214.7,129.0,0.006769227
2212.7,129.0,0.010059034
2209.8,129.0,0.013991948
2207.0,128.9,0.01908625
2205.0,128.9,0.02087712
2203.0,128.8,0.019924781
2201.0,128.8,0.013251501
2198.2,128.8,0.006465875
2196.2,128.8,0.012038921
2194.2,128.8,0.016246776
2191.4,128.7,0.025809428
2188.5,128.6,0.029395243
2185.7,128.5,0.030072812
2183.7,128.4,0.023824009
2181.7,128.4,0.009870529
2179.7,128.4,0.004685641
2177.7,128.4,0
2174.9,128.4,0
2172.0,128.4,0
2169.2,128.4,0
2166.4,128.4,0.000569016
2163.6,128.4,0.000924369
2161.6,128.4,0.001298858
2159.6,128.4,0.00142073
2156.7,128.4,0.000681031
2154.7,128.4,0.000454049
2151.9,128.4,0.000118509
2149.1,128.4,0.000156432
2147.1,128.4,0.000799539
2145.1,128.4,0.001033571
2142.2,128.4,0.001170114
2140.2,128.4,0.001799245
2138.2,128.4,0.002279282
2136.2,128.4,0.003549576
2134.2,128.4,0.003858566
2132.2,128.4,0.003423923
2130.2,128.3,0.002690942
2127.4,128.3,0.003082287
2124.6,128.3,0.004965423
2121.8,128.3,0.00820488
2119.8,128.3,0.011057667
2116.9,128.3,0.011049542
2114.9,128.2,0.016827521
2112.9,128.2,0.018396378
2110.9,128.1,0.022024764
2108.9,128.1,0.022178541
2106.1,128.0,0.013327473
2103.3,128.0,0.011708472
2100.4,128.0,0.008887376
2098.4,128.0,0.005828266
2096.4,128.0,0.005828266
2093.6,128.0,0.003665874
2090.8,128.0,0
2088.8,128.0,2.32845E-05
2086.0,128.0,0.001986999
2083.1,128.0,0.001986999
2081.1,127.9,0.001986999
2079.1,127.9,0.001961717
2076.3,127.9,0
2073.5,127.9,0
2070.6,127.9,0
2067.8,127.9,0.000239399
2065.0,127.9,0.001643013
2062.2,127.9,0.003314405
2060.2,127.9,0.003674565
2057.3,127.9,0.003496802
2055.3,127.9,0.002773897
2052.5,127.9,0.001979861
2050.5,127.9,0.002279735
2048.5,127.9,0.002391815
2046.5,127.9,0.001449585
2044.5,127.9,0.000739098
2042.5,127.9,0.001226425
2040.5,127.9,0.002569239
2038.5,127.9,0.005185949
2035.7,127.9,0.005355812
2032.9,127.8,0.00423851
2030.9,127.8,0.003368251
2028.0,127.8,0.002194785
2025.2,127.8,0.002748615
2023.2,127.8,0.003135283
2021.2,127.8,0.002991676
2019.2,127.8,0.001207274
2017.2,127.8,0.001445808
2014.4,127.8,0.002171083
2011.5,127.8,0.002171083
2009.5,127.8,0.002171083
2007.5,127.8,0.000922092
2004.7,127.8,0
2002.7,127.8,0
2000.7,127.8,0
1998.7,127.8,0
1996.7,127.8,0.00061444
1994.7,127.8,0.002875025
1991.9,127.8,0.002875025
1989.1,127.7,0.005322628
1987.1,127.7,0.005207613
1985.1,127.7,0.002677263
1983.1,127.7,0.002677263
1980.2,127.7,0
1978.2,127.7,0
1975.4,127.7,0
1973.4,127.7,0.002976052
1970.6,127.7,0.008810278
1967.7,127.7,0.010335413
1964.9,127.6,0.016407948
1962.9,127.6,0.023548504
1960.9,127.6,0.021670445
1958.1,127.5,0.022252017
1956.1,127.4,0.017066069
1953.3,127.4,0.007322288
1951.3,127.4,0.00448083
1949.3,127.4,0.001217644
1947.3,127.4,0.008550302
1944.4,127.4,0.009717824
1942.4,127.3,0.009717824
1940.4,127.3,0.009380341
1938.4,127.3,0.001167523
1936.4,127.3,0
1933.6,127.3,0
1930.8,127.3,0.000416082
1927.9,127.3,0.00189696
1925.1,127.3,0.00189696
1923.1,127.3,0.00189696
1920.3,127.3,0.001448006
1917.5,127.3,0
1914.6,127.3,0.000144801
1911.8,127.3,0.000157222
1909.8,127.3,0.000157222
1907.8,127.3,0.000157222
1905.0,127.3,0.001076908
1902.1,127.3,0.001076908
1899.3,127.3,0.001169287
1897.3,127.3,0.001169287
1895.3,127.3,0.003074121
1892.5,127.3,0.005782443
1889.7,127.3,0.006152191
1887.7,127.2,0.006152191
1885.7,127.2,0.00307807
1882.8,127.2,0.004189757
1880.0,127.2,0.003567382
1877.2,127.2,0.006533232
1874.3,127.2,0.00883429
1871.5,127.1,0.007357906
1869.5,127.1,0.008704872
1866.7,127.1,0.005720942
1864.7,127.1,0.004097247
1862.7,127.1,0.006306253
1859.9,127.1,0.005162614
1857.0,127.0,0.007146163
1854.2,127.0,0.00707893
1852.2,127.0,0.003050593
1850.2,127.0,0.003066148
1848.2,127.0,0.002336995
1845.4,127.0,0.002212166
1842.5,127.0,0.006015409
1840.5,127.0,0.009196655
1837.7,127.0,0.008297991
1834.9,126.9,0.008297991
1832.9,126.9,0.003810217
1830.9,126.9,0
1828.9,126.9,0
1826.9,126.9,0
1824.1,126.9,0
1822.1,126.9,0
1820.1,126.9,0
1818.1,126.9,0
1816.1,126.9,0
1813.2,126.9,0
1810.4,126.9,0
1807.6,126.9,0
1804.7,126.9,0
1801.9,126.9,0
1799.1,126.9,0
1797.1,126.9,0
1794.3,126.9,0
1791.4,126.9,0
1788.6,126.9,0.000504423
1785.8,126.9,0.00307712
1782.9,126.9,0.006625899
1780.1,126.9,0.007194278
1778.1,126.8,0.007222906
1776.1,126.8,0.004332543
1774.1,126.8,0
1772.1,126.8,0
1770.1,126.8,0
1768.1,126.8,0
1765.3,126.8,0
1762.5,126.8,0
1759.6,126.8,0
1756.8,126.8,0
1754.0,126.8,0
1751.1,126.8,0
1748.3,126.8,0
1745.5,126.8,0
1742.7,126.8,0
1739.8,126.8,0
1737.0,126.8,0.004357115
1734.2,126.8,0.006698122
1732.2,126.8,0.007326609
1730.2,126.8,0.007326609
1728.2,126.8,0.003898942
1725.4,126.8,0.001779082
1722.5,126.8,0.002455789
1719.7,126.8,0.00266645
1717.7,126.8,0.000734755
1715.7,126.8,0.000803698
1712.9,126.8,0
1710.9,126.8,0
1708.9,126.8,0
1706.0,126.8,0.001777632
1703.2,126.8,0.001637192
1701.2,126.7,0.001777632
1698.4,126.7,0.001944428
1696.4,126.7,0
1694.4,126.7,0
1692.4,126.7,0.000178554
1689.6,126.7,0.000587014
1686.7,126.7,0.000587014
1684.7,126.7,0.000642094
1682.7,126.7,0.000493049
1680.7,126.7,0
1678.7,126.7,0
1676.7,126.7,0
1674.7,126.7,0
1672.7,126.7,0
1670.7,126.7,0
1668.7,126.7,0
1665.9,126.7,0
1663.9,126.7,0
1661.9,126.7,0
1659.9,126.7,0
1657.1,126.7,0
1654.2,126.7,0
1651.4,126.7,0
1648.6,126.7,0
1646.6,126.7,0
1644.6,126.7,0
1642.6,126.7,0
1640.6,126.7,0
1637.8,126.7,0
1635.8,126.7,0
1633.8,126.7,0
1630.9,126.7,0
1628.1,126.7,0
1626.1,126.7,0
1624.1,126.7,0
1621.3,126.7,0
1618.4,126.7,0
1616.4,126.7,0
1614.4,126.7,0
1612.4,126.7,0
1610.4,126.7,0
1607.6,126.7,0
1604.8,126.7,0
1602.8,126.7,0
1600.0,126.7,0
1598.0,126.7,0
1596.0,126.7,0
1593.1,126.7,0
1591.1,126.7,0
1589.1,126.7,0
1587.1,126.7,0
1584.3,126.7,0
1582.3,126.7,0
1579.5,126.7,0
1576.6,126.7,0
1573.8,126.7,0
1571.0,126.7,0.00125227
1568.2,126.7,0.004757737
1566.2,126.7,0.011118678
1564.2,126.7,0.020197869
1562.2,126.6,0.026097297
1560.2,126.6,0.028401375
1558.2,126.5,0.025107384
1556.2,126.5,0.017179489
1554.2,126.4,0.008734375
1552.2,126.4,0.002929606
1549.3,126.4,0
1547.3,126.4,0
1545.3,126.4,0
1543.3,126.4,0
1540.5,126.4,0
1538.5,126.4,0
1536.5,126.4,0
1534.5,126.4,0
1532.5,126.4,0
1530.5,126.4,0
1528.5,126.4,0
1526.5,126.4,0
1524.5,126.4,0
1522.5,126.4,0
1520.5,126.4,0
1518.5,126.4,0
1516.5,126.4,0
1514.5,126.4,0
1512.5,126.4,0
1510.5,126.4,0
1508.5,126.4,0
1506.5,126.4,0
1504.5,126.4,0
1502.5,126.4,0
1500.5,126.4,0
1498.5,126.4,0
1496.5,126.4,0
1494.5,126.4,0
1492.5,126.4,0
1489.7,126.4,0
1486.8,126.4,0
1484.0,126.4,0
1481.2,126.4,0
1478.4,126.4,0
1475.5,126.4,0
1472.7,126.4,0
1469.9,126.4,0
1467.9,126.4,0
1465.9,126.4,0
1463.9,126.4,0.000413895
1461.9,126.4,0.002056123
1459.9,126.4,0.005922318
1457.9,126.4,0.010380745
1455.9,126.4,0.011864662
1453.9,126.4,0.01030159
1451.9,126.3,0.01025103
1449.9,126.3,0.008022262
1447.0,126.3,0.009096241
1444.2,126.3,0.010088015
1441.4,126.2,0.006913017
1439.4,126.2,0.004997614
1437.4,126.2,0.001379012
1435.4,126.2,0
1433.4,126.2,0.004470945
1430.6,126.2,0.005062699
1427.7,126.2,0.004662724
1425.7,126.2,0.014186302
1422.9,126.2,0.010626953
1420.9,126.1,0.011611267
1418.9,126.1,0.012813569
1416.9,126.1,0.001800537
1414.9,126.1,0.001631592
1412.9,126.1,0.007109742
1410.1,126.1,0.007109742
1407.2,126.0,0.007791564
1405.2,126.0,0.008522649
1403.2,126.0,0.000823021
1401.2,126.0,0.002456894
1399.2,126.0,0.00365207
1396.4,126.0,0.00365207
1394.4,126.0,0.01233373
1392.4,126.0,0.012317657
1390.4,125.9,0.010175705
1388.4,125.9,0.012076377
1386.4,125.9,0.002701759
1384.4,125.9,0.004707247
1382.4,125.9,0.004707247
1379.6,125.9,0.002728864
1377.6,125.9,0.002558212
1374.8,125.9,0
1372.8,125.9,0
1370.8,125.9,0
1368.8,125.9,0
1366.8,125.9,0.001791468
1364.8,125.9,0.001791468
1361.9,125.8,0.001791468
1359.9,125.8,0.001791468
1357.9,125.8,0
1355.9,125.8,0
1353.9,125.8,0
1351.9,125.8,0
1349.9,125.8,0
1347.9,125.8,0
1345.9,125.8,0
1343.9,125.8,0.001942634
1341.9,125.8,0.001942634
1339.9,125.8,0.001760356
1337.9,125.8,0.001760356
1335.1,125.8,0
1333.1,125.8,0
1330.3,125.8,0
1327.4,125.8,0.0036986
1324.6,125.8,0.0036986
1322.6,125.8,0.004015871
1319.8,125.8,0.004015871
1317.8,125.8,0
1315.0,125.8,0
1312.1,125.8,0.000355389
1309.3,125.8,0.000383467
1306.5,125.8,0.000383467
1304.5,125.8,0.000383467
1301.6,125.8,0
1298.8,125.8,0
1296.0,125.8,0.001672118
1293.2,125.8,0.001815555
1291.2,125.8,0.001985909
1289.2,125.8,0.001985909
1287.2,125.8,0
1284.3,125.8,0
1281.5,125.8,0.005740571
1279.5,125.8,0.006279211
1277.5,125.7,0.006279211
1275.5,125.7,0.008685121
1272.7,125.7,0.00294455
1269.8,125.7,0.002711918
1267.8,125.7,0.006061977
1265.0,125.7,0.007562446
1262.2,125.6,0.009203931
1260.2,125.6,0.009993458
1257.4,125.6,0.006356026
1255.4,125.6,0.002238952
1252.5,125.6,0
1249.7,125.6,0
1246.9,125.6,0
1244.9,125.6,0
1242.9,125.6,0
1240.9,125.6,0
1238.1,125.6,0
1235.2,125.6,0
1232.4,125.6,0
1229.6,125.6,0
1227.6,125.6,0
1225.6,125.6,0
1222.7,125.6,0
1220.7,125.6,0
1218.7,125.6,0
1216.7,125.6,0
1214.7,125.6,0
1212.7,125.6,0
1210.7,125.6,0
1207.9,125.6,0
1205.1,125.6,0
1202.3,125.6,0.003947724
1199.4,125.6,0.008867879
1196.6,125.5,0.00956848
1193.8,125.5,0.010389278
1191.8,125.5,0.006305135
1189.8,125.5,0
1187.8,125.5,0
1184.9,125.5,0
1182.9,125.5,0
1180.9,125.5,0
1178.1,125.5,0.012312414
1175.3,125.5,0.019222821
1172.5,125.3,0.020871782
1170.5,125.3,0.020871782
1168.5,125.3,0.007503192
1165.6,125.3,0
1162.8,125.3,0
1160.0,125.3,0.001956627
1157.1,125.3,0.002916109
1155.1,125.3,0.003189728
1153.1,125.2,0.003520013
1151.1,125.2,0.000955583
1149.1,125.2,0
1147.1,125.2,0
1145.1,125.2,0.000474441
1142.3,125.2,0.003289806
1140.3,125.2,0.011112534
1137.5,125.2,0.012065783
1134.7,125.1,0.01163204
1132.7,125.1,0.00959943
1130.7,125.1,0.007876234
1128.7,125.1,0.015036919
1125.8,125.1,0.016248514
1123.8,125.0,0.016248514
1121.8,125.0,0.00837228
1119.8,125.0,0.001107663
1117.0,125.0,0
1114.2,125.0,0.002262963
1111.3,125.0,0.002457083
1109.3,125.0,0.002687632
1107.3,125.0,0.002965926
1105.3,125.0,0
1103.3,125.0,0
1101.3,125.0,0
1099.3,125.0,0
1097.3,125.0,0
1094.5,125.0,0
1092.5,125.0,0
1090.5,125.0,0
1088.5,125.0,0
1086.5,125.0,0
1084.5,125.0,0
1082.5,125.0,0
1079.7,125.0,0
1076.9,125.0,0
1074.0,125.0,0.002777406
1071.2,125.0,0.003015656
1069.2,124.9,0.003298616
1067.2,124.9,0.003640175
1065.2,124.9,0
1063.2,124.9,0
1060.4,124.9,0.000275731
1057.5,124.9,0.000253947
1055.5,124.9,0.0009161
1052.7,124.9,0.003282696
1049.9,124.9,0.003006966
1047.9,124.9,0.00328911
1045.9,124.9,0.002502697
1043.9,124.9,0
1041.1,124.9,0
1038.2,124.9,0
1036.2,124.9,0
1034.2,124.9,0
1031.4,124.9,0
1029.4,124.9,0
1026.6,124.9,0
1024.6,124.9,0
1022.6,124.9,0
1019.7,124.9,0
1017.7,124.9,0
1015.7,124.9,0
1013.7,124.9,0
1011.7,124.9,0
1009.7,124.9,0
1007.7,124.9,0
1005.7,124.9,0
1002.9,124.9,0
1000.1,124.9,0
997.3,124.9,0
994.4,124.9,0
991.6,124.9,0
988.8,124.9,0
985.9,124.9,0
983.1,124.9,0
980.3,124.9,0
977.5,124.9,0
974.6,124.9,0.003814955
971.8,124.9,0.006845776
969.8,124.9,0.006845776
967.8,124.8,0.00748816
965.0,124.8,0.002703548
963.0,124.8,0
960.1,124.8,0.006141053
958.1,124.8,0.005655856
955.3,124.8,0.014787591
952.5,124.8,0.022293077
949.7,124.7,0.02105718
947.7,124.6,0.03424159
945.7,124.6,0.036296844
943.7,124.5,0.026459694
941.7,124.4,0.022847175
939.7,124.4,0.01047802
937.7,124.4,0
935.7,124.4,0
933.7,124.4,0.000405303
931.7,124.4,0.005873864
928.8,124.4,0.006789036
926.8,124.3,0.006789036
924.8,124.3,0.007044793
922.8,124.3,0.003731549
920.8,124.3,0.005800407
918.0,124.3,0.005794221
916.0,124.3,0.008702434
913.2,124.3,0.007606593
910.3,124.2,0.00513269
908.3,124.2,0.004680105
905.5,124.2,0.001314097
902.7,124.2,0.000592753
899.9,124.2,0
897.0,124.2,0.001798489
894.2,124.2,0.001940585
891.4,124.2,0.002107062
889.4,124.2,0.003806733
887.4,124.2,0.001657485
885.4,124.2,0.001657485
883.4,124.2,0.001657485
881.4,124.2,0
879.4,124.2,0
877.4,124.2,0
875.4,124.2,0
872.5,124.2,0
869.7,124.2,0
867.7,124.2,0
865.7,124.2,0
863.7,124.2,0
861.7,124.2,0
859.7,124.2,0
857.7,124.2,0
855.7,124.2,0
853.7,124.2,0
851.7,124.2,0
849.7,124.2,0
847.7,124.2,0
845.7,124.2,0
842.9,124.2,0
840.1,124.2,0.00261728
837.2,124.2,0.003761424
835.2,124.2,0.007047239
833.2,124.2,0.007998458
830.4,124.1,0.007492035
827.6,124.1,0.006979294
825.6,124.1,0.004040064
823.6,124.1,0.003310204
821.6,124.1,0.004223824
819.6,124.1,0.007602692
817.6,124.1,0.007808685
815.6,124.0,0.007808685
813.6,124.0,0.004076004
811.6,124.0,0.000205993
809.6,124.0,0
807.6,124.0,0
805.6,124.0,0
803.6,124.0,0
801.6,124.0,0
799.6,124.0,0
797.6,124.0,0
795.6,124.0,0
793.6,124.0,0
791.6,124.0,0
789.6,124.0,0
787.6,124.0,0
784.7,124.0,0
781.9,124.0,0
779.1,124.0,0
776.3,124.0,0
773.4,124.0,0
770.6,124.0,0
768.6,124.0,0
765.8,124.0,0
763.8,124.0,0.010313302
761.0,124.0,0.01251858
759.0,123.9,0.014505303
757.0,123.9,0.015866432
754.1,123.9,0.004585364
752.1,123.9,0.003060651
750.1,123.9,0.000637768
747.3,123.9,0.002086142
745.3,123.9,0.00305433
743.3,123.9,0.003340938
740.5,123.9,0.00270317
738.5,123.9,0.001254796
736.5,123.9,0
734.5,123.9,0.003531519
731.6,123.9,0.006875008
728.8,123.8,0.006875008
726.8,123.8,0.007520135
724.8,123.8,0.00365723
722.8,123.8,0.000873004
720.0,123.8,0.000901446
717.2,123.8,0.000901446
715.2,123.8,0.000901446
713.2,123.8,0.000216473
710.3,123.8,0.000188031
707.5,123.8,0.000188031
705.5,123.8,0.000205675
703.5,123.8,0
701.5,123.8,0
699.5,123.8,0
697.5,123.8,0
695.5,123.8,0
692.7,123.8,0
689.8,123.8,0
687.8,123.8,0
685.8,123.8,0
683.8,123.8,0.000722459
681.0,123.8,0.000660482
679.0,123.8,0.00120568
676.2,123.8,0.002529237
673.4,123.8,0.004163489
670.5,123.8,0.006471293
668.5,123.7,0.008649625
666.5,123.7,0.010613916
664.5,123.7,0.010743545
661.7,123.7,0.009428255
659.7,123.6,0.007147672
657.7,123.6,0.003611428
655.7,123.6,0.000748176
652.9,123.6,0
650.0,123.6,0
647.2,123.6,0
644.4,123.6,0
641.6,123.6,0
639.6,123.6,0
636.7,123.6,0.0017856
633.9,123.6,0.003095936
631.1,123.6,0.003419126
628.2,123.6,0.003712442
626.2,123.6,0.001940095
624.2,123.6,0.000102997
622.2,123.6,0
620.2,123.6,0
618.2,123.6,0
615.4,123.6,0
612.6,123.6,0
609.8,123.6,0
606.9,123.6,0
604.1,123.6,0
601.3,123.6,0
598.4,123.6,0
596.4,123.6,0
594.4,123.6,0
592.4,123.6,0
590.4,123.6,0
588.4,123.6,0
586.4,123.6,0
583.6,123.6,0
580.8,123.6,0.001103235
578.0,123.6,0.002035176
575.1,123.6,0.002464163
573.1,123.6,0.002464163
571.1,123.6,0.001171643
568.3,123.6,0.000254396
565.5,123.6,0
563.5,123.6,0
561.5,123.6,0
558.6,123.6,0
555.8,123.6,0
553.0,123.6,0
550.2,123.6,0
547.3,123.6,0
545.3,123.6,0
542.5,123.6,0
539.7,123.6,0
537.7,123.6,0.000146949
534.8,123.6,0.000160739
532.8,123.6,0.000160739
530.8,123.6,0.000278472
528.8,123.6,0.000101089
526.8,123.6,0.000250816
524.8,123.6,0.000250816
522.8,123.6,0.000135678
520.8,123.6,0.000805061
518.0,123.6,0.002372795
515.2,123.6,0.00388408
512.4,123.5,0.004217283
510.4,123.5,0.003868091
508.4,123.5,0.001794913
506.4,123.5,0
503.5,123.5,0
500.7,123.5,0
497.9,123.5,0
495.0,123.5,0
492.2,123.5,0
490.2,123.5,0
487.4,123.5,0
485.4,123.5,0
482.6,123.5,0
480.6,123.5,0
478.6,123.5,0
476.6,123.5,0
474.6,123.5,0
472.6,123.5,0
470.6,123.5,0
468.6,123.5,0
466.6,123.5,0
464.6,123.5,0
462.6,123.5,0
460.6,123.5,0
457.7,123.5,0.000234645
454.9,123.5,0.00241755
452.9,123.5,0.004747405
450.9,123.5,0.010047844
448.1,123.5,0.0098132
445.2,123.4,0.007630295
443.2,123.4,0.005797814
441.2,123.4,0
439.2,123.4,0
436.4,123.4,0
434.4,123.4,0
431.6,123.4,0
429.6,123.4,0.001175593
427.6,123.4,0.004963878
424.8,123.4,0.009712075
422.8,123.4,0.009712075
419.9,123.3,0.009563068
417.9,123.3,0.005885097
415.9,123.3,0.000248909
413.9,123.3,0.000248909
411.9,123.3,0
409.9,123.3,0.003467109
407.1,123.3,0.004142038
405.1,123.3,0.003786706
403.1,123.3,0.00787995
400.3,123.3,0.006978505
397.4,123.3,0.006361476
395.4,123.2,0.006958416
393.4,123.2,0.002738
391.4,123.2,0
389.4,123.2,0
387.4,123.2,0
385.4,123.2,0
383.4,123.2,0
381.4,123.2,0
379.4,123.2,0
377.4,123.2,0
375.4,123.2,0
372.6,123.2,0
369.8,123.2,0
367.0,123.2,0
364.1,123.2,0
362.1,123.2,0
360.1,123.2,0
357.3,123.2,0
354.5,123.2,0
351.6,123.2,0
348.8,123.2,0
346.0,123.2,0
343.2,123.2,0
341.2,123.2,0
339.2,123.2,0
337.2,123.2,0
334.3,123.2,0
332.3,123.2,0
329.5,123.2,0
326.7,123.2,0
323.8,123.2,0
321.0,123.2,0
318.2,123.2,0
315.4,123.2,0
312.5,123.2,0
309.7,123.2,0
306.9,123.2,0
304.0,123.2,0
301.2,123.2,0
299.2,123.2,0
297.2,123.2,0
294.4,123.2,0
292.4,123.2,0
290.4,123.2,0
288.4,123.2,0
286.4,123.2,0
284.4,123.2,0
282.4,123.2,0
279.6,123.2,0
276.7,123.2,0
274.7,123.2,0
271.9,123.2,0
269.9,123.2,0
267.9,123.2,0
265.1,123.2,0
262.2,123.2,0
260.2,123.2,0
257.4,123.2,0
255.4,123.2,0
252.6,123.2,0
250.6,123.2,0.013183138
248.6,123.2,0.026859283
246.6,123.1,0.027553558
244.6,123.0,0.031892776
242.6,123.0,0.020853642
240.6,123.0,0.02505963
237.8,122.9,0.024430503
235.8,122.8,0.018739967
233.8,122.8,0.014043914
230.9,122.8,0
228.1,122.8,0
225.3,122.8,0
223.3,122.8,0.006075478
220.5,122.8,0.00664558
218.5,122.7,0.00664558
216.5,122.7,0.007333755
214.5,122.7,0
212.5,122.7,0.003660298
209.6,122.7,0.003660298
206.8,122.7,0.003371103
204.8,122.7,0.00434527
202.0,122.7,0.000749248
200.0,122.7,0.000749248
198.0,122.7,0.000749248
196.0,122.7,0
193.1,122.7,0
190.3,122.7,0.005803564
187.5,122.7,0.006301432
185.5,122.6,0.006892737
183.5,122.6,0.006892737
181.5,122.6,0
178.7,122.6,0
175.8,122.6,0.000793709
173.0,122.6,0.000856419
170.2,122.6,0.000856419
168.2,122.6,0.000856419
165.3,122.6,0
162.5,122.6,0.004821594
159.7,122.6,0.007019431
156.9,122.6,0.007019431
154.9,122.6,0.008860331
152.0,122.6,0.007069637
149.2,122.5,0.007055812
146.4,122.5,0.007055812
144.4,122.5,0.005214912
141.5,122.5,0.005618746
138.7,122.5,0.007123481
135.9,122.4,0.009300459
133.9,122.4,0.012211794
131.9,122.4,0.007680016
129.9,122.4,0.00508476
127.1,122.4,0.003240859
124.2,122.4,0.001808886
121.4,122.4,0.001964063
119.4,122.4,0.000337897
117.4,122.4,0.000337897
115.4,122.4,0.001302791
112.6,122.4,0.005230915
109.7,122.3,0.006353575
107.7,122.3,0.006949773
105.7,122.3,0.005524733
103.7,122.3,0.002354039
100.9,122.3,0.003348715
98.9,122.3,0.005610287
96.9,122.3,0.005610287
94.9,122.2,0.010897369
92.1,122.2,0.013622818
90.1,122.2,0.011555259
87.3,122.1,0.012639565
85.3,122.1,0.009876767
83.3,122.1,0.003650316
81.3,122.1,0.003337167
78.4,122.1,0.007033256
75.6,122.1,0.003959754
72.8,122.1,0.003959754
70.8,122.1,0.006431
67.9,122.1,0.002131552
65.9,122.0,0.002131552
63.1,122.0,0.00233157
61.1,122.0,0
59.1,122.0,0
57.1,122.0,0
55.1,122.0,0
52.3,122.0,0
49.5,122.0,0
46.6,122.0,0
43.8,122.0,0
41.8,122.0,0.000723686
39.8,122.0,0.006871136
37.0,122.0,0.00760818
35.0,122.0,0.010896247
32.1,122.0,0.01110731
29.3,121.9,0.00554931
27.3,121.9,0.00461907
25.3,121.9,0
23.3,121.9,0
21.3,121.9,0
19.3,121.9,0
17.3,121.9,0
14.5,121.9,0
11.7,121.9,0.001470537
8.8,121.9,0.00159669
6.8,121.9,0.001746517
4.8,121.9,0.001746517
2.8,121.9,
0.0,121.9,
